,pdb,AA,position,phi,psi,omega,CA_x,CA_y,CA_z,C_x,C_y,C_z,N_x,N_y,N_z,O_x,O_y,O_z,probability,chi1,chi2,chi3,chi4,phi_psi_occurrence,frag_num,rotamer_pos,rotamer_score,fragment_score,backbone_score,backbone_probability,flipped,rotated degrees
0,7helix.pdb,ALA,1,,-41.0,,2.219,0.583,-5.359,1.283,1.165,-4.307,1.505,-0.31,-6.263,1.644,1.276,-3.135,,,,,,,0,2,1.0,1.0,0,0,False,0
1,7helix.pdb,TYR,2,-64.8,-41.0,180.0,-0.91,2.106,-3.828,-1.345,1.094,-2.776,0.08,1.535,-4.732,-1.509,1.433,-1.604,0.3466506,-178.1,77.9,,,0.0686377216466845,0,2,1.0,1.0,0,0,False,0
2,7helix.pdb,ALA,3,-64.8,-41.0,180.0,-1.945,-1.217,-2.297,-0.879,-1.494,-1.245,-1.529,-0.152,-3.201,-1.19,-1.708,-0.073,,,,,,,0,2,1.0,1.0,0,0,False,0
3,7helix.pdb,ALA,4,-64.8,-41.0,-180.0,1.495,-1.74,-0.766,1.609,-0.644,0.286,0.38,-1.489,-1.67,1.867,-0.919,1.458,,,,,,,0,2,1.0,1.0,0,0,False,0
4,7helix.pdb,ALA,5,-64.8,-41.0,180.0,1.495,1.74,0.766,0.395,1.688,1.817,1.415,0.6,-0.139,0.628,1.984,2.989,,,,,,,0,2,1.0,1.0,0,0,False,0
5,7helix.pdb,ALA,6,-64.8,-40.9,180.0,-1.945,1.217,2.297,-1.728,0.136,3.348,-0.806,1.309,1.392,-2.056,0.322,4.52,,,,,,,0,2,1.0,1.0,0,0,False,0
6,7helix.pdb,ALA,7,-64.8,,179.9,-0.91,-2.106,3.828,0.125,-1.729,4.879,-1.173,-0.993,2.923,1.004,-0.903,4.631,,,,,,,0,2,1.0,1.0,0,0,False,0
0,7helix.pdb,ALA,1,,-41.0,,2.219,0.583,-5.359,1.283,1.165,-4.307,1.505,-0.31,-6.263,1.644,1.276,-3.135,,,,,,,1,2,1.0,1.0,0,0,True,0
1,7helix.pdb,TYR,2,-64.8,-41.0,180.0,-0.91,2.106,-3.828,-1.345,1.094,-2.776,0.08,1.535,-4.732,-1.509,1.433,-1.604,0.3466506,-178.1,77.9,,,0.0686377216466845,1,2,1.0,1.0,0,0,True,0
2,7helix.pdb,ALA,3,-64.8,-41.0,180.0,-1.945,-1.217,-2.297,-0.879,-1.494,-1.245,-1.529,-0.152,-3.201,-1.19,-1.708,-0.073,,,,,,,1,2,1.0,1.0,0,0,True,0
3,7helix.pdb,ALA,4,-64.8,-41.0,-180.0,1.495,-1.74,-0.766,1.609,-0.644,0.286,0.38,-1.489,-1.67,1.867,-0.919,1.458,,,,,,,1,2,1.0,1.0,0,0,True,0
4,7helix.pdb,ALA,5,-64.8,-41.0,180.0,1.495,1.74,0.766,0.395,1.688,1.817,1.415,0.6,-0.139,0.628,1.984,2.989,,,,,,,1,2,1.0,1.0,0,0,True,0
5,7helix.pdb,ALA,6,-64.8,-40.9,180.0,-1.945,1.217,2.297,-1.728,0.136,3.348,-0.806,1.309,1.392,-2.056,0.322,4.52,,,,,,,1,2,1.0,1.0,0,0,True,0
6,7helix.pdb,ALA,7,-64.8,,179.9,-0.91,-2.106,3.828,0.125,-1.729,4.879,-1.173,-0.993,2.923,1.004,-0.903,4.631,,,,,,,1,2,1.0,1.0,0,0,True,0
0,7helix.pdb,ALA,1,,-41.0,,2.219,0.583,-5.359,1.283,1.165,-4.307,1.505,-0.31,-6.263,1.644,1.276,-3.135,,,,,,,2,2,0.08453781384740444,0.08453781384740444,0,0,False,0
1,7helix.pdb,TYR,2,-64.8,-41.0,180.0,-0.91,2.106,-3.828,-1.345,1.094,-2.776,0.08,1.535,-4.732,-1.509,1.433,-1.604,0.1370482,-72.7,123.4,,,0.0686377216466845,2,2,0.08453781384740444,0.08453781384740444,0,0,False,0
2,7helix.pdb,ALA,3,-64.8,-41.0,180.0,-1.945,-1.217,-2.297,-0.879,-1.494,-1.245,-1.529,-0.152,-3.201,-1.19,-1.708,-0.073,,,,,,,2,2,0.08453781384740444,0.08453781384740444,0,0,False,0
3,7helix.pdb,ALA,4,-64.8,-41.0,-180.0,1.495,-1.74,-0.766,1.609,-0.644,0.286,0.38,-1.489,-1.67,1.867,-0.919,1.458,,,,,,,2,2,0.08453781384740444,0.08453781384740444,0,0,False,0
4,7helix.pdb,ALA,5,-64.8,-41.0,180.0,1.495,1.74,0.766,0.395,1.688,1.817,1.415,0.6,-0.139,0.628,1.984,2.989,,,,,,,2,2,0.08453781384740444,0.08453781384740444,0,0,False,0
5,7helix.pdb,ALA,6,-64.8,-40.9,180.0,-1.945,1.217,2.297,-1.728,0.136,3.348,-0.806,1.309,1.392,-2.056,0.322,4.52,,,,,,,2,2,0.08453781384740444,0.08453781384740444,0,0,False,0
6,7helix.pdb,ALA,7,-64.8,,179.9,-0.91,-2.106,3.828,0.125,-1.729,4.879,-1.173,-0.993,2.923,1.004,-0.903,4.631,,,,,,,2,2,0.08453781384740444,0.08453781384740444,0,0,False,0
0,7helix.pdb,ALA,1,,-41.0,,2.219,0.583,-5.359,1.283,1.165,-4.307,1.505,-0.31,-6.263,1.644,1.276,-3.135,,,,,,,3,2,0.08453781384740444,0.08453781384740444,0,0,True,0
1,7helix.pdb,TYR,2,-64.8,-41.0,180.0,-0.91,2.106,-3.828,-1.345,1.094,-2.776,0.08,1.535,-4.732,-1.509,1.433,-1.604,0.1370482,-72.7,123.4,,,0.0686377216466845,3,2,0.08453781384740444,0.08453781384740444,0,0,True,0
2,7helix.pdb,ALA,3,-64.8,-41.0,180.0,-1.945,-1.217,-2.297,-0.879,-1.494,-1.245,-1.529,-0.152,-3.201,-1.19,-1.708,-0.073,,,,,,,3,2,0.08453781384740444,0.08453781384740444,0,0,True,0
3,7helix.pdb,ALA,4,-64.8,-41.0,-180.0,1.495,-1.74,-0.766,1.609,-0.644,0.286,0.38,-1.489,-1.67,1.867,-0.919,1.458,,,,,,,3,2,0.08453781384740444,0.08453781384740444,0,0,True,0
4,7helix.pdb,ALA,5,-64.8,-41.0,180.0,1.495,1.74,0.766,0.395,1.688,1.817,1.415,0.6,-0.139,0.628,1.984,2.989,,,,,,,3,2,0.08453781384740444,0.08453781384740444,0,0,True,0
5,7helix.pdb,ALA,6,-64.8,-40.9,180.0,-1.945,1.217,2.297,-1.728,0.136,3.348,-0.806,1.309,1.392,-2.056,0.322,4.52,,,,,,,3,2,0.08453781384740444,0.08453781384740444,0,0,True,0
6,7helix.pdb,ALA,7,-64.8,,179.9,-0.91,-2.106,3.828,0.125,-1.729,4.879,-1.173,-0.993,2.923,1.004,-0.903,4.631,,,,,,,3,2,0.08453781384740444,0.08453781384740444,0,0,True,0
0,7helix.pdb,ALA,1,,-41.0,,2.219,0.583,-5.359,1.283,1.165,-4.307,1.505,-0.31,-6.263,1.644,1.276,-3.135,,,,,,,4,2,0.013494276097461275,0.013494276097461275,0,0,False,0
1,7helix.pdb,TYR,2,-64.8,-41.0,180.0,-0.91,2.106,-3.828,-1.345,1.094,-2.776,0.08,1.535,-4.732,-1.509,1.433,-1.604,0.12752562900974518,-167.8,86.0,,,0.0686377216466845,4,2,0.013494276097461275,0.013494276097461275,0,0,False,0
2,7helix.pdb,ALA,3,-64.8,-41.0,180.0,-1.945,-1.217,-2.297,-0.879,-1.494,-1.245,-1.529,-0.152,-3.201,-1.19,-1.708,-0.073,,,,,,,4,2,0.013494276097461275,0.013494276097461275,0,0,False,0
3,7helix.pdb,ALA,4,-64.8,-41.0,-180.0,1.495,-1.74,-0.766,1.609,-0.644,0.286,0.38,-1.489,-1.67,1.867,-0.919,1.458,,,,,,,4,2,0.013494276097461275,0.013494276097461275,0,0,False,0
4,7helix.pdb,ALA,5,-64.8,-41.0,180.0,1.495,1.74,0.766,0.395,1.688,1.817,1.415,0.6,-0.139,0.628,1.984,2.989,,,,,,,4,2,0.013494276097461275,0.013494276097461275,0,0,False,0
5,7helix.pdb,ALA,6,-64.8,-40.9,180.0,-1.945,1.217,2.297,-1.728,0.136,3.348,-0.806,1.309,1.392,-2.056,0.322,4.52,,,,,,,4,2,0.013494276097461275,0.013494276097461275,0,0,False,0
6,7helix.pdb,ALA,7,-64.8,,179.9,-0.91,-2.106,3.828,0.125,-1.729,4.879,-1.173,-0.993,2.923,1.004,-0.903,4.631,,,,,,,4,2,0.013494276097461275,0.013494276097461275,0,0,False,0
0,7helix.pdb,ALA,1,,-41.0,,2.219,0.583,-5.359,1.283,1.165,-4.307,1.505,-0.31,-6.263,1.644,1.276,-3.135,,,,,,,5,2,0.013494276097461275,0.013494276097461275,0,0,True,0
1,7helix.pdb,TYR,2,-64.8,-41.0,180.0,-0.91,2.106,-3.828,-1.345,1.094,-2.776,0.08,1.535,-4.732,-1.509,1.433,-1.604,0.12752562900974518,-167.8,86.0,,,0.0686377216466845,5,2,0.013494276097461275,0.013494276097461275,0,0,True,0
2,7helix.pdb,ALA,3,-64.8,-41.0,180.0,-1.945,-1.217,-2.297,-0.879,-1.494,-1.245,-1.529,-0.152,-3.201,-1.19,-1.708,-0.073,,,,,,,5,2,0.013494276097461275,0.013494276097461275,0,0,True,0
3,7helix.pdb,ALA,4,-64.8,-41.0,-180.0,1.495,-1.74,-0.766,1.609,-0.644,0.286,0.38,-1.489,-1.67,1.867,-0.919,1.458,,,,,,,5,2,0.013494276097461275,0.013494276097461275,0,0,True,0
4,7helix.pdb,ALA,5,-64.8,-41.0,180.0,1.495,1.74,0.766,0.395,1.688,1.817,1.415,0.6,-0.139,0.628,1.984,2.989,,,,,,,5,2,0.013494276097461275,0.013494276097461275,0,0,True,0
5,7helix.pdb,ALA,6,-64.8,-40.9,180.0,-1.945,1.217,2.297,-1.728,0.136,3.348,-0.806,1.309,1.392,-2.056,0.322,4.52,,,,,,,5,2,0.013494276097461275,0.013494276097461275,0,0,True,0
6,7helix.pdb,ALA,7,-64.8,,179.9,-0.91,-2.106,3.828,0.125,-1.729,4.879,-1.173,-0.993,2.923,1.004,-0.903,4.631,,,,,,,5,2,0.013494276097461275,0.013494276097461275,0,0,True,0
0,7helix.pdb,ALA,1,,-41.0,,2.219,0.583,-5.359,1.283,1.165,-4.307,1.505,-0.31,-6.263,1.644,1.276,-3.135,,,,,,,6,2,0.013494276097461275,0.013494276097461275,0,0,False,0
1,7helix.pdb,TYR,2,-64.8,-41.0,180.0,-0.91,2.106,-3.828,-1.345,1.094,-2.776,0.08,1.535,-4.732,-1.509,1.433,-1.604,0.12752562900974518,-188.4,69.8,,,0.0686377216466845,6,2,0.013494276097461275,0.013494276097461275,0,0,False,0
2,7helix.pdb,ALA,3,-64.8,-41.0,180.0,-1.945,-1.217,-2.297,-0.879,-1.494,-1.245,-1.529,-0.152,-3.201,-1.19,-1.708,-0.073,,,,,,,6,2,0.013494276097461275,0.013494276097461275,0,0,False,0
3,7helix.pdb,ALA,4,-64.8,-41.0,-180.0,1.495,-1.74,-0.766,1.609,-0.644,0.286,0.38,-1.489,-1.67,1.867,-0.919,1.458,,,,,,,6,2,0.013494276097461275,0.013494276097461275,0,0,False,0
4,7helix.pdb,ALA,5,-64.8,-41.0,180.0,1.495,1.74,0.766,0.395,1.688,1.817,1.415,0.6,-0.139,0.628,1.984,2.989,,,,,,,6,2,0.013494276097461275,0.013494276097461275,0,0,False,0
5,7helix.pdb,ALA,6,-64.8,-40.9,180.0,-1.945,1.217,2.297,-1.728,0.136,3.348,-0.806,1.309,1.392,-2.056,0.322,4.52,,,,,,,6,2,0.013494276097461275,0.013494276097461275,0,0,False,0
6,7helix.pdb,ALA,7,-64.8,,179.9,-0.91,-2.106,3.828,0.125,-1.729,4.879,-1.173,-0.993,2.923,1.004,-0.903,4.631,,,,,,,6,2,0.013494276097461275,0.013494276097461275,0,0,False,0
0,7helix.pdb,ALA,1,,-41.0,,2.219,0.583,-5.359,1.283,1.165,-4.307,1.505,-0.31,-6.263,1.644,1.276,-3.135,,,,,,,7,2,0.013494276097461275,0.013494276097461275,0,0,True,0
1,7helix.pdb,TYR,2,-64.8,-41.0,180.0,-0.91,2.106,-3.828,-1.345,1.094,-2.776,0.08,1.535,-4.732,-1.509,1.433,-1.604,0.12752562900974518,-188.4,69.8,,,0.0686377216466845,7,2,0.013494276097461275,0.013494276097461275,0,0,True,0
2,7helix.pdb,ALA,3,-64.8,-41.0,180.0,-1.945,-1.217,-2.297,-0.879,-1.494,-1.245,-1.529,-0.152,-3.201,-1.19,-1.708,-0.073,,,,,,,7,2,0.013494276097461275,0.013494276097461275,0,0,True,0
3,7helix.pdb,ALA,4,-64.8,-41.0,-180.0,1.495,-1.74,-0.766,1.609,-0.644,0.286,0.38,-1.489,-1.67,1.867,-0.919,1.458,,,,,,,7,2,0.013494276097461275,0.013494276097461275,0,0,True,0
4,7helix.pdb,ALA,5,-64.8,-41.0,180.0,1.495,1.74,0.766,0.395,1.688,1.817,1.415,0.6,-0.139,0.628,1.984,2.989,,,,,,,7,2,0.013494276097461275,0.013494276097461275,0,0,True,0
5,7helix.pdb,ALA,6,-64.8,-40.9,180.0,-1.945,1.217,2.297,-1.728,0.136,3.348,-0.806,1.309,1.392,-2.056,0.322,4.52,,,,,,,7,2,0.013494276097461275,0.013494276097461275,0,0,True,0
6,7helix.pdb,ALA,7,-64.8,,179.9,-0.91,-2.106,3.828,0.125,-1.729,4.879,-1.173,-0.993,2.923,1.004,-0.903,4.631,,,,,,,7,2,0.013494276097461275,0.013494276097461275,0,0,True,0
0,7helix.pdb,ALA,1,,-41.0,,2.219,0.583,-5.359,1.283,1.165,-4.307,1.505,-0.31,-6.263,1.644,1.276,-3.135,,,,,,,8,2,8.326672684688674e-17,8.326672684688674e-17,0,0,False,0
1,7helix.pdb,TYR,2,-64.8,-41.0,180.0,-0.91,2.106,-3.828,-1.345,1.094,-2.776,0.08,1.535,-4.732,-1.509,1.433,-1.604,0.1257931,-72.7,96.8,,,0.0686377216466845,8,2,8.326672684688674e-17,8.326672684688674e-17,0,0,False,0
2,7helix.pdb,ALA,3,-64.8,-41.0,180.0,-1.945,-1.217,-2.297,-0.879,-1.494,-1.245,-1.529,-0.152,-3.201,-1.19,-1.708,-0.073,,,,,,,8,2,8.326672684688674e-17,8.326672684688674e-17,0,0,False,0
3,7helix.pdb,ALA,4,-64.8,-41.0,-180.0,1.495,-1.74,-0.766,1.609,-0.644,0.286,0.38,-1.489,-1.67,1.867,-0.919,1.458,,,,,,,8,2,8.326672684688674e-17,8.326672684688674e-17,0,0,False,0
4,7helix.pdb,ALA,5,-64.8,-41.0,180.0,1.495,1.74,0.766,0.395,1.688,1.817,1.415,0.6,-0.139,0.628,1.984,2.989,,,,,,,8,2,8.326672684688674e-17,8.326672684688674e-17,0,0,False,0
5,7helix.pdb,ALA,6,-64.8,-40.9,180.0,-1.945,1.217,2.297,-1.728,0.136,3.348,-0.806,1.309,1.392,-2.056,0.322,4.52,,,,,,,8,2,8.326672684688674e-17,8.326672684688674e-17,0,0,False,0
6,7helix.pdb,ALA,7,-64.8,,179.9,-0.91,-2.106,3.828,0.125,-1.729,4.879,-1.173,-0.993,2.923,1.004,-0.903,4.631,,,,,,,8,2,8.326672684688674e-17,8.326672684688674e-17,0,0,False,0
0,7helix.pdb,ALA,1,,-41.0,,2.219,0.583,-5.359,1.283,1.165,-4.307,1.505,-0.31,-6.263,1.644,1.276,-3.135,,,,,,,9,2,8.326672684688674e-17,8.326672684688674e-17,0,0,True,0
1,7helix.pdb,TYR,2,-64.8,-41.0,180.0,-0.91,2.106,-3.828,-1.345,1.094,-2.776,0.08,1.535,-4.732,-1.509,1.433,-1.604,0.1257931,-72.7,96.8,,,0.0686377216466845,9,2,8.326672684688674e-17,8.326672684688674e-17,0,0,True,0
2,7helix.pdb,ALA,3,-64.8,-41.0,180.0,-1.945,-1.217,-2.297,-0.879,-1.494,-1.245,-1.529,-0.152,-3.201,-1.19,-1.708,-0.073,,,,,,,9,2,8.326672684688674e-17,8.326672684688674e-17,0,0,True,0
3,7helix.pdb,ALA,4,-64.8,-41.0,-180.0,1.495,-1.74,-0.766,1.609,-0.644,0.286,0.38,-1.489,-1.67,1.867,-0.919,1.458,,,,,,,9,2,8.326672684688674e-17,8.326672684688674e-17,0,0,True,0
4,7helix.pdb,ALA,5,-64.8,-41.0,180.0,1.495,1.74,0.766,0.395,1.688,1.817,1.415,0.6,-0.139,0.628,1.984,2.989,,,,,,,9,2,8.326672684688674e-17,8.326672684688674e-17,0,0,True,0
5,7helix.pdb,ALA,6,-64.8,-40.9,180.0,-1.945,1.217,2.297,-1.728,0.136,3.348,-0.806,1.309,1.392,-2.056,0.322,4.52,,,,,,,9,2,8.326672684688674e-17,8.326672684688674e-17,0,0,True,0
6,7helix.pdb,ALA,7,-64.8,,179.9,-0.91,-2.106,3.828,0.125,-1.729,4.879,-1.173,-0.993,2.923,1.004,-0.903,4.631,,,,,,,9,2,8.326672684688674e-17,8.326672684688674e-17,0,0,True,0
0,7helix.pdb,ALA,1,,-41.0,,2.219,0.583,-5.359,1.283,1.165,-4.307,1.505,-0.31,-6.263,1.644,1.276,-3.135,,,,,,,10,3,1.0,1.0,0,0,False,0
1,7helix.pdb,ALA,2,-64.8,-41.0,180.0,-0.91,2.106,-3.828,-1.345,1.094,-2.776,0.08,1.535,-4.732,-1.509,1.433,-1.604,,,,,,,10,3,1.0,1.0,0,0,False,0
2,7helix.pdb,TYR,3,-64.8,-41.0,180.0,-1.945,-1.217,-2.297,-0.879,-1.494,-1.245,-1.529,-0.152,-3.201,-1.19,-1.708,-0.073,0.3466506,-178.1,77.9,,,0.0686377216466845,10,3,1.0,1.0,0,0,False,0
3,7helix.pdb,ALA,4,-64.8,-41.0,-180.0,1.495,-1.74,-0.766,1.609,-0.644,0.286,0.38,-1.489,-1.67,1.867,-0.919,1.458,,,,,,,10,3,1.0,1.0,0,0,False,0
4,7helix.pdb,ALA,5,-64.8,-41.0,180.0,1.495,1.74,0.766,0.395,1.688,1.817,1.415,0.6,-0.139,0.628,1.984,2.989,,,,,,,10,3,1.0,1.0,0,0,False,0
5,7helix.pdb,ALA,6,-64.8,-40.9,180.0,-1.945,1.217,2.297,-1.728,0.136,3.348,-0.806,1.309,1.392,-2.056,0.322,4.52,,,,,,,10,3,1.0,1.0,0,0,False,0
6,7helix.pdb,ALA,7,-64.8,,179.9,-0.91,-2.106,3.828,0.125,-1.729,4.879,-1.173,-0.993,2.923,1.004,-0.903,4.631,,,,,,,10,3,1.0,1.0,0,0,False,0
0,7helix.pdb,ALA,1,,-41.0,,2.219,0.583,-5.359,1.283,1.165,-4.307,1.505,-0.31,-6.263,1.644,1.276,-3.135,,,,,,,11,3,1.0,1.0,0,0,True,0
1,7helix.pdb,ALA,2,-64.8,-41.0,180.0,-0.91,2.106,-3.828,-1.345,1.094,-2.776,0.08,1.535,-4.732,-1.509,1.433,-1.604,,,,,,,11,3,1.0,1.0,0,0,True,0
2,7helix.pdb,TYR,3,-64.8,-41.0,180.0,-1.945,-1.217,-2.297,-0.879,-1.494,-1.245,-1.529,-0.152,-3.201,-1.19,-1.708,-0.073,0.3466506,-178.1,77.9,,,0.0686377216466845,11,3,1.0,1.0,0,0,True,0
3,7helix.pdb,ALA,4,-64.8,-41.0,-180.0,1.495,-1.74,-0.766,1.609,-0.644,0.286,0.38,-1.489,-1.67,1.867,-0.919,1.458,,,,,,,11,3,1.0,1.0,0,0,True,0
4,7helix.pdb,ALA,5,-64.8,-41.0,180.0,1.495,1.74,0.766,0.395,1.688,1.817,1.415,0.6,-0.139,0.628,1.984,2.989,,,,,,,11,3,1.0,1.0,0,0,True,0
5,7helix.pdb,ALA,6,-64.8,-40.9,180.0,-1.945,1.217,2.297,-1.728,0.136,3.348,-0.806,1.309,1.392,-2.056,0.322,4.52,,,,,,,11,3,1.0,1.0,0,0,True,0
6,7helix.pdb,ALA,7,-64.8,,179.9,-0.91,-2.106,3.828,0.125,-1.729,4.879,-1.173,-0.993,2.923,1.004,-0.903,4.631,,,,,,,11,3,1.0,1.0,0,0,True,0
0,7helix.pdb,ALA,1,,-41.0,,2.219,0.583,-5.359,1.283,1.165,-4.307,1.505,-0.31,-6.263,1.644,1.276,-3.135,,,,,,,12,3,0.08453781384740444,0.08453781384740444,0,0,False,0
1,7helix.pdb,ALA,2,-64.8,-41.0,180.0,-0.91,2.106,-3.828,-1.345,1.094,-2.776,0.08,1.535,-4.732,-1.509,1.433,-1.604,,,,,,,12,3,0.08453781384740444,0.08453781384740444,0,0,False,0
2,7helix.pdb,TYR,3,-64.8,-41.0,180.0,-1.945,-1.217,-2.297,-0.879,-1.494,-1.245,-1.529,-0.152,-3.201,-1.19,-1.708,-0.073,0.1370482,-72.7,123.4,,,0.0686377216466845,12,3,0.08453781384740444,0.08453781384740444,0,0,False,0
3,7helix.pdb,ALA,4,-64.8,-41.0,-180.0,1.495,-1.74,-0.766,1.609,-0.644,0.286,0.38,-1.489,-1.67,1.867,-0.919,1.458,,,,,,,12,3,0.08453781384740444,0.08453781384740444,0,0,False,0
4,7helix.pdb,ALA,5,-64.8,-41.0,180.0,1.495,1.74,0.766,0.395,1.688,1.817,1.415,0.6,-0.139,0.628,1.984,2.989,,,,,,,12,3,0.08453781384740444,0.08453781384740444,0,0,False,0
5,7helix.pdb,ALA,6,-64.8,-40.9,180.0,-1.945,1.217,2.297,-1.728,0.136,3.348,-0.806,1.309,1.392,-2.056,0.322,4.52,,,,,,,12,3,0.08453781384740444,0.08453781384740444,0,0,False,0
6,7helix.pdb,ALA,7,-64.8,,179.9,-0.91,-2.106,3.828,0.125,-1.729,4.879,-1.173,-0.993,2.923,1.004,-0.903,4.631,,,,,,,12,3,0.08453781384740444,0.08453781384740444,0,0,False,0
0,7helix.pdb,ALA,1,,-41.0,,2.219,0.583,-5.359,1.283,1.165,-4.307,1.505,-0.31,-6.263,1.644,1.276,-3.135,,,,,,,13,3,0.08453781384740444,0.08453781384740444,0,0,True,0
1,7helix.pdb,ALA,2,-64.8,-41.0,180.0,-0.91,2.106,-3.828,-1.345,1.094,-2.776,0.08,1.535,-4.732,-1.509,1.433,-1.604,,,,,,,13,3,0.08453781384740444,0.08453781384740444,0,0,True,0
2,7helix.pdb,TYR,3,-64.8,-41.0,180.0,-1.945,-1.217,-2.297,-0.879,-1.494,-1.245,-1.529,-0.152,-3.201,-1.19,-1.708,-0.073,0.1370482,-72.7,123.4,,,0.0686377216466845,13,3,0.08453781384740444,0.08453781384740444,0,0,True,0
3,7helix.pdb,ALA,4,-64.8,-41.0,-180.0,1.495,-1.74,-0.766,1.609,-0.644,0.286,0.38,-1.489,-1.67,1.867,-0.919,1.458,,,,,,,13,3,0.08453781384740444,0.08453781384740444,0,0,True,0
4,7helix.pdb,ALA,5,-64.8,-41.0,180.0,1.495,1.74,0.766,0.395,1.688,1.817,1.415,0.6,-0.139,0.628,1.984,2.989,,,,,,,13,3,0.08453781384740444,0.08453781384740444,0,0,True,0
5,7helix.pdb,ALA,6,-64.8,-40.9,180.0,-1.945,1.217,2.297,-1.728,0.136,3.348,-0.806,1.309,1.392,-2.056,0.322,4.52,,,,,,,13,3,0.08453781384740444,0.08453781384740444,0,0,True,0
6,7helix.pdb,ALA,7,-64.8,,179.9,-0.91,-2.106,3.828,0.125,-1.729,4.879,-1.173,-0.993,2.923,1.004,-0.903,4.631,,,,,,,13,3,0.08453781384740444,0.08453781384740444,0,0,True,0
0,7helix.pdb,ALA,1,,-41.0,,2.219,0.583,-5.359,1.283,1.165,-4.307,1.505,-0.31,-6.263,1.644,1.276,-3.135,,,,,,,14,3,0.013494276097461275,0.013494276097461275,0,0,False,0
1,7helix.pdb,ALA,2,-64.8,-41.0,180.0,-0.91,2.106,-3.828,-1.345,1.094,-2.776,0.08,1.535,-4.732,-1.509,1.433,-1.604,,,,,,,14,3,0.013494276097461275,0.013494276097461275,0,0,False,0
2,7helix.pdb,TYR,3,-64.8,-41.0,180.0,-1.945,-1.217,-2.297,-0.879,-1.494,-1.245,-1.529,-0.152,-3.201,-1.19,-1.708,-0.073,0.12752562900974518,-167.8,86.0,,,0.0686377216466845,14,3,0.013494276097461275,0.013494276097461275,0,0,False,0
3,7helix.pdb,ALA,4,-64.8,-41.0,-180.0,1.495,-1.74,-0.766,1.609,-0.644,0.286,0.38,-1.489,-1.67,1.867,-0.919,1.458,,,,,,,14,3,0.013494276097461275,0.013494276097461275,0,0,False,0
4,7helix.pdb,ALA,5,-64.8,-41.0,180.0,1.495,1.74,0.766,0.395,1.688,1.817,1.415,0.6,-0.139,0.628,1.984,2.989,,,,,,,14,3,0.013494276097461275,0.013494276097461275,0,0,False,0
5,7helix.pdb,ALA,6,-64.8,-40.9,180.0,-1.945,1.217,2.297,-1.728,0.136,3.348,-0.806,1.309,1.392,-2.056,0.322,4.52,,,,,,,14,3,0.013494276097461275,0.013494276097461275,0,0,False,0
6,7helix.pdb,ALA,7,-64.8,,179.9,-0.91,-2.106,3.828,0.125,-1.729,4.879,-1.173,-0.993,2.923,1.004,-0.903,4.631,,,,,,,14,3,0.013494276097461275,0.013494276097461275,0,0,False,0
0,7helix.pdb,ALA,1,,-41.0,,2.219,0.583,-5.359,1.283,1.165,-4.307,1.505,-0.31,-6.263,1.644,1.276,-3.135,,,,,,,15,3,0.013494276097461275,0.013494276097461275,0,0,True,0
1,7helix.pdb,ALA,2,-64.8,-41.0,180.0,-0.91,2.106,-3.828,-1.345,1.094,-2.776,0.08,1.535,-4.732,-1.509,1.433,-1.604,,,,,,,15,3,0.013494276097461275,0.013494276097461275,0,0,True,0
2,7helix.pdb,TYR,3,-64.8,-41.0,180.0,-1.945,-1.217,-2.297,-0.879,-1.494,-1.245,-1.529,-0.152,-3.201,-1.19,-1.708,-0.073,0.12752562900974518,-167.8,86.0,,,0.0686377216466845,15,3,0.013494276097461275,0.013494276097461275,0,0,True,0
3,7helix.pdb,ALA,4,-64.8,-41.0,-180.0,1.495,-1.74,-0.766,1.609,-0.644,0.286,0.38,-1.489,-1.67,1.867,-0.919,1.458,,,,,,,15,3,0.013494276097461275,0.013494276097461275,0,0,True,0
4,7helix.pdb,ALA,5,-64.8,-41.0,180.0,1.495,1.74,0.766,0.395,1.688,1.817,1.415,0.6,-0.139,0.628,1.984,2.989,,,,,,,15,3,0.013494276097461275,0.013494276097461275,0,0,True,0
5,7helix.pdb,ALA,6,-64.8,-40.9,180.0,-1.945,1.217,2.297,-1.728,0.136,3.348,-0.806,1.309,1.392,-2.056,0.322,4.52,,,,,,,15,3,0.013494276097461275,0.013494276097461275,0,0,True,0
6,7helix.pdb,ALA,7,-64.8,,179.9,-0.91,-2.106,3.828,0.125,-1.729,4.879,-1.173,-0.993,2.923,1.004,-0.903,4.631,,,,,,,15,3,0.013494276097461275,0.013494276097461275,0,0,True,0
0,7helix.pdb,ALA,1,,-41.0,,2.219,0.583,-5.359,1.283,1.165,-4.307,1.505,-0.31,-6.263,1.644,1.276,-3.135,,,,,,,16,3,0.013494276097461275,0.013494276097461275,0,0,False,0
1,7helix.pdb,ALA,2,-64.8,-41.0,180.0,-0.91,2.106,-3.828,-1.345,1.094,-2.776,0.08,1.535,-4.732,-1.509,1.433,-1.604,,,,,,,16,3,0.013494276097461275,0.013494276097461275,0,0,False,0
2,7helix.pdb,TYR,3,-64.8,-41.0,180.0,-1.945,-1.217,-2.297,-0.879,-1.494,-1.245,-1.529,-0.152,-3.201,-1.19,-1.708,-0.073,0.12752562900974518,-188.4,69.8,,,0.0686377216466845,16,3,0.013494276097461275,0.013494276097461275,0,0,False,0
3,7helix.pdb,ALA,4,-64.8,-41.0,-180.0,1.495,-1.74,-0.766,1.609,-0.644,0.286,0.38,-1.489,-1.67,1.867,-0.919,1.458,,,,,,,16,3,0.013494276097461275,0.013494276097461275,0,0,False,0
4,7helix.pdb,ALA,5,-64.8,-41.0,180.0,1.495,1.74,0.766,0.395,1.688,1.817,1.415,0.6,-0.139,0.628,1.984,2.989,,,,,,,16,3,0.013494276097461275,0.013494276097461275,0,0,False,0
5,7helix.pdb,ALA,6,-64.8,-40.9,180.0,-1.945,1.217,2.297,-1.728,0.136,3.348,-0.806,1.309,1.392,-2.056,0.322,4.52,,,,,,,16,3,0.013494276097461275,0.013494276097461275,0,0,False,0
6,7helix.pdb,ALA,7,-64.8,,179.9,-0.91,-2.106,3.828,0.125,-1.729,4.879,-1.173,-0.993,2.923,1.004,-0.903,4.631,,,,,,,16,3,0.013494276097461275,0.013494276097461275,0,0,False,0
0,7helix.pdb,ALA,1,,-41.0,,2.219,0.583,-5.359,1.283,1.165,-4.307,1.505,-0.31,-6.263,1.644,1.276,-3.135,,,,,,,17,3,0.013494276097461275,0.013494276097461275,0,0,True,0
1,7helix.pdb,ALA,2,-64.8,-41.0,180.0,-0.91,2.106,-3.828,-1.345,1.094,-2.776,0.08,1.535,-4.732,-1.509,1.433,-1.604,,,,,,,17,3,0.013494276097461275,0.013494276097461275,0,0,True,0
2,7helix.pdb,TYR,3,-64.8,-41.0,180.0,-1.945,-1.217,-2.297,-0.879,-1.494,-1.245,-1.529,-0.152,-3.201,-1.19,-1.708,-0.073,0.12752562900974518,-188.4,69.8,,,0.0686377216466845,17,3,0.013494276097461275,0.013494276097461275,0,0,True,0
3,7helix.pdb,ALA,4,-64.8,-41.0,-180.0,1.495,-1.74,-0.766,1.609,-0.644,0.286,0.38,-1.489,-1.67,1.867,-0.919,1.458,,,,,,,17,3,0.013494276097461275,0.013494276097461275,0,0,True,0
4,7helix.pdb,ALA,5,-64.8,-41.0,180.0,1.495,1.74,0.766,0.395,1.688,1.817,1.415,0.6,-0.139,0.628,1.984,2.989,,,,,,,17,3,0.013494276097461275,0.013494276097461275,0,0,True,0
5,7helix.pdb,ALA,6,-64.8,-40.9,180.0,-1.945,1.217,2.297,-1.728,0.136,3.348,-0.806,1.309,1.392,-2.056,0.322,4.52,,,,,,,17,3,0.013494276097461275,0.013494276097461275,0,0,True,0
6,7helix.pdb,ALA,7,-64.8,,179.9,-0.91,-2.106,3.828,0.125,-1.729,4.879,-1.173,-0.993,2.923,1.004,-0.903,4.631,,,,,,,17,3,0.013494276097461275,0.013494276097461275,0,0,True,0
0,7helix.pdb,ALA,1,,-41.0,,2.219,0.583,-5.359,1.283,1.165,-4.307,1.505,-0.31,-6.263,1.644,1.276,-3.135,,,,,,,18,3,8.326672684688674e-17,8.326672684688674e-17,0,0,False,0
1,7helix.pdb,ALA,2,-64.8,-41.0,180.0,-0.91,2.106,-3.828,-1.345,1.094,-2.776,0.08,1.535,-4.732,-1.509,1.433,-1.604,,,,,,,18,3,8.326672684688674e-17,8.326672684688674e-17,0,0,False,0
2,7helix.pdb,TYR,3,-64.8,-41.0,180.0,-1.945,-1.217,-2.297,-0.879,-1.494,-1.245,-1.529,-0.152,-3.201,-1.19,-1.708,-0.073,0.1257931,-72.7,96.8,,,0.0686377216466845,18,3,8.326672684688674e-17,8.326672684688674e-17,0,0,False,0
3,7helix.pdb,ALA,4,-64.8,-41.0,-180.0,1.495,-1.74,-0.766,1.609,-0.644,0.286,0.38,-1.489,-1.67,1.867,-0.919,1.458,,,,,,,18,3,8.326672684688674e-17,8.326672684688674e-17,0,0,False,0
4,7helix.pdb,ALA,5,-64.8,-41.0,180.0,1.495,1.74,0.766,0.395,1.688,1.817,1.415,0.6,-0.139,0.628,1.984,2.989,,,,,,,18,3,8.326672684688674e-17,8.326672684688674e-17,0,0,False,0
5,7helix.pdb,ALA,6,-64.8,-40.9,180.0,-1.945,1.217,2.297,-1.728,0.136,3.348,-0.806,1.309,1.392,-2.056,0.322,4.52,,,,,,,18,3,8.326672684688674e-17,8.326672684688674e-17,0,0,False,0
6,7helix.pdb,ALA,7,-64.8,,179.9,-0.91,-2.106,3.828,0.125,-1.729,4.879,-1.173,-0.993,2.923,1.004,-0.903,4.631,,,,,,,18,3,8.326672684688674e-17,8.326672684688674e-17,0,0,False,0
0,7helix.pdb,ALA,1,,-41.0,,2.219,0.583,-5.359,1.283,1.165,-4.307,1.505,-0.31,-6.263,1.644,1.276,-3.135,,,,,,,19,3,8.326672684688674e-17,8.326672684688674e-17,0,0,True,0
1,7helix.pdb,ALA,2,-64.8,-41.0,180.0,-0.91,2.106,-3.828,-1.345,1.094,-2.776,0.08,1.535,-4.732,-1.509,1.433,-1.604,,,,,,,19,3,8.326672684688674e-17,8.326672684688674e-17,0,0,True,0
2,7helix.pdb,TYR,3,-64.8,-41.0,180.0,-1.945,-1.217,-2.297,-0.879,-1.494,-1.245,-1.529,-0.152,-3.201,-1.19,-1.708,-0.073,0.1257931,-72.7,96.8,,,0.0686377216466845,19,3,8.326672684688674e-17,8.326672684688674e-17,0,0,True,0
3,7helix.pdb,ALA,4,-64.8,-41.0,-180.0,1.495,-1.74,-0.766,1.609,-0.644,0.286,0.38,-1.489,-1.67,1.867,-0.919,1.458,,,,,,,19,3,8.326672684688674e-17,8.326672684688674e-17,0,0,True,0
4,7helix.pdb,ALA,5,-64.8,-41.0,180.0,1.495,1.74,0.766,0.395,1.688,1.817,1.415,0.6,-0.139,0.628,1.984,2.989,,,,,,,19,3,8.326672684688674e-17,8.326672684688674e-17,0,0,True,0
5,7helix.pdb,ALA,6,-64.8,-40.9,180.0,-1.945,1.217,2.297,-1.728,0.136,3.348,-0.806,1.309,1.392,-2.056,0.322,4.52,,,,,,,19,3,8.326672684688674e-17,8.326672684688674e-17,0,0,True,0
6,7helix.pdb,ALA,7,-64.8,,179.9,-0.91,-2.106,3.828,0.125,-1.729,4.879,-1.173,-0.993,2.923,1.004,-0.903,4.631,,,,,,,19,3,8.326672684688674e-17,8.326672684688674e-17,0,0,True,0
0,7helix.pdb,ALA,1,,-41.0,,2.219,0.583,-5.359,1.283,1.165,-4.307,1.505,-0.31,-6.263,1.644,1.276,-3.135,,,,,,,20,4,1.0,1.0,0,0,False,0
1,7helix.pdb,ALA,2,-64.8,-41.0,180.0,-0.91,2.106,-3.828,-1.345,1.094,-2.776,0.08,1.535,-4.732,-1.509,1.433,-1.604,,,,,,,20,4,1.0,1.0,0,0,False,0
2,7helix.pdb,ALA,3,-64.8,-41.0,180.0,-1.945,-1.217,-2.297,-0.879,-1.494,-1.245,-1.529,-0.152,-3.201,-1.19,-1.708,-0.073,,,,,,,20,4,1.0,1.0,0,0,False,0
3,7helix.pdb,TYR,4,-64.8,-41.0,-180.0,1.495,-1.74,-0.766,1.609,-0.644,0.286,0.38,-1.489,-1.67,1.867,-0.919,1.458,0.3466506,-178.1,77.9,,,0.0686377216466845,20,4,1.0,1.0,0,0,False,0
4,7helix.pdb,ALA,5,-64.8,-41.0,180.0,1.495,1.74,0.766,0.395,1.688,1.817,1.415,0.6,-0.139,0.628,1.984,2.989,,,,,,,20,4,1.0,1.0,0,0,False,0
5,7helix.pdb,ALA,6,-64.8,-40.9,180.0,-1.945,1.217,2.297,-1.728,0.136,3.348,-0.806,1.309,1.392,-2.056,0.322,4.52,,,,,,,20,4,1.0,1.0,0,0,False,0
6,7helix.pdb,ALA,7,-64.8,,179.9,-0.91,-2.106,3.828,0.125,-1.729,4.879,-1.173,-0.993,2.923,1.004,-0.903,4.631,,,,,,,20,4,1.0,1.0,0,0,False,0
0,7helix.pdb,ALA,1,,-41.0,,2.219,0.583,-5.359,1.283,1.165,-4.307,1.505,-0.31,-6.263,1.644,1.276,-3.135,,,,,,,21,4,1.0,1.0,0,0,True,0
1,7helix.pdb,ALA,2,-64.8,-41.0,180.0,-0.91,2.106,-3.828,-1.345,1.094,-2.776,0.08,1.535,-4.732,-1.509,1.433,-1.604,,,,,,,21,4,1.0,1.0,0,0,True,0
2,7helix.pdb,ALA,3,-64.8,-41.0,180.0,-1.945,-1.217,-2.297,-0.879,-1.494,-1.245,-1.529,-0.152,-3.201,-1.19,-1.708,-0.073,,,,,,,21,4,1.0,1.0,0,0,True,0
3,7helix.pdb,TYR,4,-64.8,-41.0,-180.0,1.495,-1.74,-0.766,1.609,-0.644,0.286,0.38,-1.489,-1.67,1.867,-0.919,1.458,0.3466506,-178.1,77.9,,,0.0686377216466845,21,4,1.0,1.0,0,0,True,0
4,7helix.pdb,ALA,5,-64.8,-41.0,180.0,1.495,1.74,0.766,0.395,1.688,1.817,1.415,0.6,-0.139,0.628,1.984,2.989,,,,,,,21,4,1.0,1.0,0,0,True,0
5,7helix.pdb,ALA,6,-64.8,-40.9,180.0,-1.945,1.217,2.297,-1.728,0.136,3.348,-0.806,1.309,1.392,-2.056,0.322,4.52,,,,,,,21,4,1.0,1.0,0,0,True,0
6,7helix.pdb,ALA,7,-64.8,,179.9,-0.91,-2.106,3.828,0.125,-1.729,4.879,-1.173,-0.993,2.923,1.004,-0.903,4.631,,,,,,,21,4,1.0,1.0,0,0,True,0
0,7helix.pdb,ALA,1,,-41.0,,2.219,0.583,-5.359,1.283,1.165,-4.307,1.505,-0.31,-6.263,1.644,1.276,-3.135,,,,,,,22,4,0.08453781384740444,0.08453781384740444,0,0,False,0
1,7helix.pdb,ALA,2,-64.8,-41.0,180.0,-0.91,2.106,-3.828,-1.345,1.094,-2.776,0.08,1.535,-4.732,-1.509,1.433,-1.604,,,,,,,22,4,0.08453781384740444,0.08453781384740444,0,0,False,0
2,7helix.pdb,ALA,3,-64.8,-41.0,180.0,-1.945,-1.217,-2.297,-0.879,-1.494,-1.245,-1.529,-0.152,-3.201,-1.19,-1.708,-0.073,,,,,,,22,4,0.08453781384740444,0.08453781384740444,0,0,False,0
3,7helix.pdb,TYR,4,-64.8,-41.0,-180.0,1.495,-1.74,-0.766,1.609,-0.644,0.286,0.38,-1.489,-1.67,1.867,-0.919,1.458,0.1370482,-72.7,123.4,,,0.0686377216466845,22,4,0.08453781384740444,0.08453781384740444,0,0,False,0
4,7helix.pdb,ALA,5,-64.8,-41.0,180.0,1.495,1.74,0.766,0.395,1.688,1.817,1.415,0.6,-0.139,0.628,1.984,2.989,,,,,,,22,4,0.08453781384740444,0.08453781384740444,0,0,False,0
5,7helix.pdb,ALA,6,-64.8,-40.9,180.0,-1.945,1.217,2.297,-1.728,0.136,3.348,-0.806,1.309,1.392,-2.056,0.322,4.52,,,,,,,22,4,0.08453781384740444,0.08453781384740444,0,0,False,0
6,7helix.pdb,ALA,7,-64.8,,179.9,-0.91,-2.106,3.828,0.125,-1.729,4.879,-1.173,-0.993,2.923,1.004,-0.903,4.631,,,,,,,22,4,0.08453781384740444,0.08453781384740444,0,0,False,0
0,7helix.pdb,ALA,1,,-41.0,,2.219,0.583,-5.359,1.283,1.165,-4.307,1.505,-0.31,-6.263,1.644,1.276,-3.135,,,,,,,23,4,0.08453781384740444,0.08453781384740444,0,0,True,0
1,7helix.pdb,ALA,2,-64.8,-41.0,180.0,-0.91,2.106,-3.828,-1.345,1.094,-2.776,0.08,1.535,-4.732,-1.509,1.433,-1.604,,,,,,,23,4,0.08453781384740444,0.08453781384740444,0,0,True,0
2,7helix.pdb,ALA,3,-64.8,-41.0,180.0,-1.945,-1.217,-2.297,-0.879,-1.494,-1.245,-1.529,-0.152,-3.201,-1.19,-1.708,-0.073,,,,,,,23,4,0.08453781384740444,0.08453781384740444,0,0,True,0
3,7helix.pdb,TYR,4,-64.8,-41.0,-180.0,1.495,-1.74,-0.766,1.609,-0.644,0.286,0.38,-1.489,-1.67,1.867,-0.919,1.458,0.1370482,-72.7,123.4,,,0.0686377216466845,23,4,0.08453781384740444,0.08453781384740444,0,0,True,0
4,7helix.pdb,ALA,5,-64.8,-41.0,180.0,1.495,1.74,0.766,0.395,1.688,1.817,1.415,0.6,-0.139,0.628,1.984,2.989,,,,,,,23,4,0.08453781384740444,0.08453781384740444,0,0,True,0
5,7helix.pdb,ALA,6,-64.8,-40.9,180.0,-1.945,1.217,2.297,-1.728,0.136,3.348,-0.806,1.309,1.392,-2.056,0.322,4.52,,,,,,,23,4,0.08453781384740444,0.08453781384740444,0,0,True,0
6,7helix.pdb,ALA,7,-64.8,,179.9,-0.91,-2.106,3.828,0.125,-1.729,4.879,-1.173,-0.993,2.923,1.004,-0.903,4.631,,,,,,,23,4,0.08453781384740444,0.08453781384740444,0,0,True,0
0,7helix.pdb,ALA,1,,-41.0,,2.219,0.583,-5.359,1.283,1.165,-4.307,1.505,-0.31,-6.263,1.644,1.276,-3.135,,,,,,,24,4,0.013494276097461275,0.013494276097461275,0,0,False,0
1,7helix.pdb,ALA,2,-64.8,-41.0,180.0,-0.91,2.106,-3.828,-1.345,1.094,-2.776,0.08,1.535,-4.732,-1.509,1.433,-1.604,,,,,,,24,4,0.013494276097461275,0.013494276097461275,0,0,False,0
2,7helix.pdb,ALA,3,-64.8,-41.0,180.0,-1.945,-1.217,-2.297,-0.879,-1.494,-1.245,-1.529,-0.152,-3.201,-1.19,-1.708,-0.073,,,,,,,24,4,0.013494276097461275,0.013494276097461275,0,0,False,0
3,7helix.pdb,TYR,4,-64.8,-41.0,-180.0,1.495,-1.74,-0.766,1.609,-0.644,0.286,0.38,-1.489,-1.67,1.867,-0.919,1.458,0.12752562900974518,-188.4,69.8,,,0.0686377216466845,24,4,0.013494276097461275,0.013494276097461275,0,0,False,0
4,7helix.pdb,ALA,5,-64.8,-41.0,180.0,1.495,1.74,0.766,0.395,1.688,1.817,1.415,0.6,-0.139,0.628,1.984,2.989,,,,,,,24,4,0.013494276097461275,0.013494276097461275,0,0,False,0
5,7helix.pdb,ALA,6,-64.8,-40.9,180.0,-1.945,1.217,2.297,-1.728,0.136,3.348,-0.806,1.309,1.392,-2.056,0.322,4.52,,,,,,,24,4,0.013494276097461275,0.013494276097461275,0,0,False,0
6,7helix.pdb,ALA,7,-64.8,,179.9,-0.91,-2.106,3.828,0.125,-1.729,4.879,-1.173,-0.993,2.923,1.004,-0.903,4.631,,,,,,,24,4,0.013494276097461275,0.013494276097461275,0,0,False,0
0,7helix.pdb,ALA,1,,-41.0,,2.219,0.583,-5.359,1.283,1.165,-4.307,1.505,-0.31,-6.263,1.644,1.276,-3.135,,,,,,,25,4,0.013494276097461275,0.013494276097461275,0,0,True,0
1,7helix.pdb,ALA,2,-64.8,-41.0,180.0,-0.91,2.106,-3.828,-1.345,1.094,-2.776,0.08,1.535,-4.732,-1.509,1.433,-1.604,,,,,,,25,4,0.013494276097461275,0.013494276097461275,0,0,True,0
2,7helix.pdb,ALA,3,-64.8,-41.0,180.0,-1.945,-1.217,-2.297,-0.879,-1.494,-1.245,-1.529,-0.152,-3.201,-1.19,-1.708,-0.073,,,,,,,25,4,0.013494276097461275,0.013494276097461275,0,0,True,0
3,7helix.pdb,TYR,4,-64.8,-41.0,-180.0,1.495,-1.74,-0.766,1.609,-0.644,0.286,0.38,-1.489,-1.67,1.867,-0.919,1.458,0.12752562900974518,-188.4,69.8,,,0.0686377216466845,25,4,0.013494276097461275,0.013494276097461275,0,0,True,0
4,7helix.pdb,ALA,5,-64.8,-41.0,180.0,1.495,1.74,0.766,0.395,1.688,1.817,1.415,0.6,-0.139,0.628,1.984,2.989,,,,,,,25,4,0.013494276097461275,0.013494276097461275,0,0,True,0
5,7helix.pdb,ALA,6,-64.8,-40.9,180.0,-1.945,1.217,2.297,-1.728,0.136,3.348,-0.806,1.309,1.392,-2.056,0.322,4.52,,,,,,,25,4,0.013494276097461275,0.013494276097461275,0,0,True,0
6,7helix.pdb,ALA,7,-64.8,,179.9,-0.91,-2.106,3.828,0.125,-1.729,4.879,-1.173,-0.993,2.923,1.004,-0.903,4.631,,,,,,,25,4,0.013494276097461275,0.013494276097461275,0,0,True,0
0,7helix.pdb,ALA,1,,-41.0,,2.219,0.583,-5.359,1.283,1.165,-4.307,1.505,-0.31,-6.263,1.644,1.276,-3.135,,,,,,,26,4,0.013494276097461275,0.013494276097461275,0,0,False,0
1,7helix.pdb,ALA,2,-64.8,-41.0,180.0,-0.91,2.106,-3.828,-1.345,1.094,-2.776,0.08,1.535,-4.732,-1.509,1.433,-1.604,,,,,,,26,4,0.013494276097461275,0.013494276097461275,0,0,False,0
2,7helix.pdb,ALA,3,-64.8,-41.0,180.0,-1.945,-1.217,-2.297,-0.879,-1.494,-1.245,-1.529,-0.152,-3.201,-1.19,-1.708,-0.073,,,,,,,26,4,0.013494276097461275,0.013494276097461275,0,0,False,0
3,7helix.pdb,TYR,4,-64.8,-41.0,-180.0,1.495,-1.74,-0.766,1.609,-0.644,0.286,0.38,-1.489,-1.67,1.867,-0.919,1.458,0.12752562900974518,-167.8,86.0,,,0.0686377216466845,26,4,0.013494276097461275,0.013494276097461275,0,0,False,0
4,7helix.pdb,ALA,5,-64.8,-41.0,180.0,1.495,1.74,0.766,0.395,1.688,1.817,1.415,0.6,-0.139,0.628,1.984,2.989,,,,,,,26,4,0.013494276097461275,0.013494276097461275,0,0,False,0
5,7helix.pdb,ALA,6,-64.8,-40.9,180.0,-1.945,1.217,2.297,-1.728,0.136,3.348,-0.806,1.309,1.392,-2.056,0.322,4.52,,,,,,,26,4,0.013494276097461275,0.013494276097461275,0,0,False,0
6,7helix.pdb,ALA,7,-64.8,,179.9,-0.91,-2.106,3.828,0.125,-1.729,4.879,-1.173,-0.993,2.923,1.004,-0.903,4.631,,,,,,,26,4,0.013494276097461275,0.013494276097461275,0,0,False,0
0,7helix.pdb,ALA,1,,-41.0,,2.219,0.583,-5.359,1.283,1.165,-4.307,1.505,-0.31,-6.263,1.644,1.276,-3.135,,,,,,,27,4,0.013494276097461275,0.013494276097461275,0,0,True,0
1,7helix.pdb,ALA,2,-64.8,-41.0,180.0,-0.91,2.106,-3.828,-1.345,1.094,-2.776,0.08,1.535,-4.732,-1.509,1.433,-1.604,,,,,,,27,4,0.013494276097461275,0.013494276097461275,0,0,True,0
2,7helix.pdb,ALA,3,-64.8,-41.0,180.0,-1.945,-1.217,-2.297,-0.879,-1.494,-1.245,-1.529,-0.152,-3.201,-1.19,-1.708,-0.073,,,,,,,27,4,0.013494276097461275,0.013494276097461275,0,0,True,0
3,7helix.pdb,TYR,4,-64.8,-41.0,-180.0,1.495,-1.74,-0.766,1.609,-0.644,0.286,0.38,-1.489,-1.67,1.867,-0.919,1.458,0.12752562900974518,-167.8,86.0,,,0.0686377216466845,27,4,0.013494276097461275,0.013494276097461275,0,0,True,0
4,7helix.pdb,ALA,5,-64.8,-41.0,180.0,1.495,1.74,0.766,0.395,1.688,1.817,1.415,0.6,-0.139,0.628,1.984,2.989,,,,,,,27,4,0.013494276097461275,0.013494276097461275,0,0,True,0
5,7helix.pdb,ALA,6,-64.8,-40.9,180.0,-1.945,1.217,2.297,-1.728,0.136,3.348,-0.806,1.309,1.392,-2.056,0.322,4.52,,,,,,,27,4,0.013494276097461275,0.013494276097461275,0,0,True,0
6,7helix.pdb,ALA,7,-64.8,,179.9,-0.91,-2.106,3.828,0.125,-1.729,4.879,-1.173,-0.993,2.923,1.004,-0.903,4.631,,,,,,,27,4,0.013494276097461275,0.013494276097461275,0,0,True,0
0,7helix.pdb,ALA,1,,-41.0,,2.219,0.583,-5.359,1.283,1.165,-4.307,1.505,-0.31,-6.263,1.644,1.276,-3.135,,,,,,,28,4,8.326672684688674e-17,8.326672684688674e-17,0,0,False,0
1,7helix.pdb,ALA,2,-64.8,-41.0,180.0,-0.91,2.106,-3.828,-1.345,1.094,-2.776,0.08,1.535,-4.732,-1.509,1.433,-1.604,,,,,,,28,4,8.326672684688674e-17,8.326672684688674e-17,0,0,False,0
2,7helix.pdb,ALA,3,-64.8,-41.0,180.0,-1.945,-1.217,-2.297,-0.879,-1.494,-1.245,-1.529,-0.152,-3.201,-1.19,-1.708,-0.073,,,,,,,28,4,8.326672684688674e-17,8.326672684688674e-17,0,0,False,0
3,7helix.pdb,TYR,4,-64.8,-41.0,-180.0,1.495,-1.74,-0.766,1.609,-0.644,0.286,0.38,-1.489,-1.67,1.867,-0.919,1.458,0.1257931,-72.7,96.8,,,0.0686377216466845,28,4,8.326672684688674e-17,8.326672684688674e-17,0,0,False,0
4,7helix.pdb,ALA,5,-64.8,-41.0,180.0,1.495,1.74,0.766,0.395,1.688,1.817,1.415,0.6,-0.139,0.628,1.984,2.989,,,,,,,28,4,8.326672684688674e-17,8.326672684688674e-17,0,0,False,0
5,7helix.pdb,ALA,6,-64.8,-40.9,180.0,-1.945,1.217,2.297,-1.728,0.136,3.348,-0.806,1.309,1.392,-2.056,0.322,4.52,,,,,,,28,4,8.326672684688674e-17,8.326672684688674e-17,0,0,False,0
6,7helix.pdb,ALA,7,-64.8,,179.9,-0.91,-2.106,3.828,0.125,-1.729,4.879,-1.173,-0.993,2.923,1.004,-0.903,4.631,,,,,,,28,4,8.326672684688674e-17,8.326672684688674e-17,0,0,False,0
0,7helix.pdb,ALA,1,,-41.0,,2.219,0.583,-5.359,1.283,1.165,-4.307,1.505,-0.31,-6.263,1.644,1.276,-3.135,,,,,,,29,4,8.326672684688674e-17,8.326672684688674e-17,0,0,True,0
1,7helix.pdb,ALA,2,-64.8,-41.0,180.0,-0.91,2.106,-3.828,-1.345,1.094,-2.776,0.08,1.535,-4.732,-1.509,1.433,-1.604,,,,,,,29,4,8.326672684688674e-17,8.326672684688674e-17,0,0,True,0
2,7helix.pdb,ALA,3,-64.8,-41.0,180.0,-1.945,-1.217,-2.297,-0.879,-1.494,-1.245,-1.529,-0.152,-3.201,-1.19,-1.708,-0.073,,,,,,,29,4,8.326672684688674e-17,8.326672684688674e-17,0,0,True,0
3,7helix.pdb,TYR,4,-64.8,-41.0,-180.0,1.495,-1.74,-0.766,1.609,-0.644,0.286,0.38,-1.489,-1.67,1.867,-0.919,1.458,0.1257931,-72.7,96.8,,,0.0686377216466845,29,4,8.326672684688674e-17,8.326672684688674e-17,0,0,True,0
4,7helix.pdb,ALA,5,-64.8,-41.0,180.0,1.495,1.74,0.766,0.395,1.688,1.817,1.415,0.6,-0.139,0.628,1.984,2.989,,,,,,,29,4,8.326672684688674e-17,8.326672684688674e-17,0,0,True,0
5,7helix.pdb,ALA,6,-64.8,-40.9,180.0,-1.945,1.217,2.297,-1.728,0.136,3.348,-0.806,1.309,1.392,-2.056,0.322,4.52,,,,,,,29,4,8.326672684688674e-17,8.326672684688674e-17,0,0,True,0
6,7helix.pdb,ALA,7,-64.8,,179.9,-0.91,-2.106,3.828,0.125,-1.729,4.879,-1.173,-0.993,2.923,1.004,-0.903,4.631,,,,,,,29,4,8.326672684688674e-17,8.326672684688674e-17,0,0,True,0
0,7helix.pdb,ALA,1,,-41.0,,2.219,0.583,-5.359,1.283,1.165,-4.307,1.505,-0.31,-6.263,1.644,1.276,-3.135,,,,,,,30,5,1.0,1.0,0,0,False,0
1,7helix.pdb,ALA,2,-64.8,-41.0,180.0,-0.91,2.106,-3.828,-1.345,1.094,-2.776,0.08,1.535,-4.732,-1.509,1.433,-1.604,,,,,,,30,5,1.0,1.0,0,0,False,0
2,7helix.pdb,ALA,3,-64.8,-41.0,180.0,-1.945,-1.217,-2.297,-0.879,-1.494,-1.245,-1.529,-0.152,-3.201,-1.19,-1.708,-0.073,,,,,,,30,5,1.0,1.0,0,0,False,0
3,7helix.pdb,ALA,4,-64.8,-41.0,-180.0,1.495,-1.74,-0.766,1.609,-0.644,0.286,0.38,-1.489,-1.67,1.867,-0.919,1.458,,,,,,,30,5,1.0,1.0,0,0,False,0
4,7helix.pdb,TYR,5,-64.8,-41.0,180.0,1.495,1.74,0.766,0.395,1.688,1.817,1.415,0.6,-0.139,0.628,1.984,2.989,0.3466506,-178.1,77.9,,,0.0686377216466845,30,5,1.0,1.0,0,0,False,0
5,7helix.pdb,ALA,6,-64.8,-40.9,180.0,-1.945,1.217,2.297,-1.728,0.136,3.348,-0.806,1.309,1.392,-2.056,0.322,4.52,,,,,,,30,5,1.0,1.0,0,0,False,0
6,7helix.pdb,ALA,7,-64.8,,179.9,-0.91,-2.106,3.828,0.125,-1.729,4.879,-1.173,-0.993,2.923,1.004,-0.903,4.631,,,,,,,30,5,1.0,1.0,0,0,False,0
0,7helix.pdb,ALA,1,,-41.0,,2.219,0.583,-5.359,1.283,1.165,-4.307,1.505,-0.31,-6.263,1.644,1.276,-3.135,,,,,,,31,5,1.0,1.0,0,0,True,0
1,7helix.pdb,ALA,2,-64.8,-41.0,180.0,-0.91,2.106,-3.828,-1.345,1.094,-2.776,0.08,1.535,-4.732,-1.509,1.433,-1.604,,,,,,,31,5,1.0,1.0,0,0,True,0
2,7helix.pdb,ALA,3,-64.8,-41.0,180.0,-1.945,-1.217,-2.297,-0.879,-1.494,-1.245,-1.529,-0.152,-3.201,-1.19,-1.708,-0.073,,,,,,,31,5,1.0,1.0,0,0,True,0
3,7helix.pdb,ALA,4,-64.8,-41.0,-180.0,1.495,-1.74,-0.766,1.609,-0.644,0.286,0.38,-1.489,-1.67,1.867,-0.919,1.458,,,,,,,31,5,1.0,1.0,0,0,True,0
4,7helix.pdb,TYR,5,-64.8,-41.0,180.0,1.495,1.74,0.766,0.395,1.688,1.817,1.415,0.6,-0.139,0.628,1.984,2.989,0.3466506,-178.1,77.9,,,0.0686377216466845,31,5,1.0,1.0,0,0,True,0
5,7helix.pdb,ALA,6,-64.8,-40.9,180.0,-1.945,1.217,2.297,-1.728,0.136,3.348,-0.806,1.309,1.392,-2.056,0.322,4.52,,,,,,,31,5,1.0,1.0,0,0,True,0
6,7helix.pdb,ALA,7,-64.8,,179.9,-0.91,-2.106,3.828,0.125,-1.729,4.879,-1.173,-0.993,2.923,1.004,-0.903,4.631,,,,,,,31,5,1.0,1.0,0,0,True,0
0,7helix.pdb,ALA,1,,-41.0,,2.219,0.583,-5.359,1.283,1.165,-4.307,1.505,-0.31,-6.263,1.644,1.276,-3.135,,,,,,,32,5,0.08453781384740444,0.08453781384740444,0,0,False,0
1,7helix.pdb,ALA,2,-64.8,-41.0,180.0,-0.91,2.106,-3.828,-1.345,1.094,-2.776,0.08,1.535,-4.732,-1.509,1.433,-1.604,,,,,,,32,5,0.08453781384740444,0.08453781384740444,0,0,False,0
2,7helix.pdb,ALA,3,-64.8,-41.0,180.0,-1.945,-1.217,-2.297,-0.879,-1.494,-1.245,-1.529,-0.152,-3.201,-1.19,-1.708,-0.073,,,,,,,32,5,0.08453781384740444,0.08453781384740444,0,0,False,0
3,7helix.pdb,ALA,4,-64.8,-41.0,-180.0,1.495,-1.74,-0.766,1.609,-0.644,0.286,0.38,-1.489,-1.67,1.867,-0.919,1.458,,,,,,,32,5,0.08453781384740444,0.08453781384740444,0,0,False,0
4,7helix.pdb,TYR,5,-64.8,-41.0,180.0,1.495,1.74,0.766,0.395,1.688,1.817,1.415,0.6,-0.139,0.628,1.984,2.989,0.1370482,-72.7,123.4,,,0.0686377216466845,32,5,0.08453781384740444,0.08453781384740444,0,0,False,0
5,7helix.pdb,ALA,6,-64.8,-40.9,180.0,-1.945,1.217,2.297,-1.728,0.136,3.348,-0.806,1.309,1.392,-2.056,0.322,4.52,,,,,,,32,5,0.08453781384740444,0.08453781384740444,0,0,False,0
6,7helix.pdb,ALA,7,-64.8,,179.9,-0.91,-2.106,3.828,0.125,-1.729,4.879,-1.173,-0.993,2.923,1.004,-0.903,4.631,,,,,,,32,5,0.08453781384740444,0.08453781384740444,0,0,False,0
0,7helix.pdb,ALA,1,,-41.0,,2.219,0.583,-5.359,1.283,1.165,-4.307,1.505,-0.31,-6.263,1.644,1.276,-3.135,,,,,,,33,5,0.013494276097461275,0.013494276097461275,0,0,False,0
1,7helix.pdb,ALA,2,-64.8,-41.0,180.0,-0.91,2.106,-3.828,-1.345,1.094,-2.776,0.08,1.535,-4.732,-1.509,1.433,-1.604,,,,,,,33,5,0.013494276097461275,0.013494276097461275,0,0,False,0
2,7helix.pdb,ALA,3,-64.8,-41.0,180.0,-1.945,-1.217,-2.297,-0.879,-1.494,-1.245,-1.529,-0.152,-3.201,-1.19,-1.708,-0.073,,,,,,,33,5,0.013494276097461275,0.013494276097461275,0,0,False,0
3,7helix.pdb,ALA,4,-64.8,-41.0,-180.0,1.495,-1.74,-0.766,1.609,-0.644,0.286,0.38,-1.489,-1.67,1.867,-0.919,1.458,,,,,,,33,5,0.013494276097461275,0.013494276097461275,0,0,False,0
4,7helix.pdb,TYR,5,-64.8,-41.0,180.0,1.495,1.74,0.766,0.395,1.688,1.817,1.415,0.6,-0.139,0.628,1.984,2.989,0.12752562900974518,-188.4,69.8,,,0.0686377216466845,33,5,0.013494276097461275,0.013494276097461275,0,0,False,0
5,7helix.pdb,ALA,6,-64.8,-40.9,180.0,-1.945,1.217,2.297,-1.728,0.136,3.348,-0.806,1.309,1.392,-2.056,0.322,4.52,,,,,,,33,5,0.013494276097461275,0.013494276097461275,0,0,False,0
6,7helix.pdb,ALA,7,-64.8,,179.9,-0.91,-2.106,3.828,0.125,-1.729,4.879,-1.173,-0.993,2.923,1.004,-0.903,4.631,,,,,,,33,5,0.013494276097461275,0.013494276097461275,0,0,False,0
0,7helix.pdb,ALA,1,,-41.0,,2.219,0.583,-5.359,1.283,1.165,-4.307,1.505,-0.31,-6.263,1.644,1.276,-3.135,,,,,,,34,5,0.013494276097461275,0.013494276097461275,0,0,True,0
1,7helix.pdb,ALA,2,-64.8,-41.0,180.0,-0.91,2.106,-3.828,-1.345,1.094,-2.776,0.08,1.535,-4.732,-1.509,1.433,-1.604,,,,,,,34,5,0.013494276097461275,0.013494276097461275,0,0,True,0
2,7helix.pdb,ALA,3,-64.8,-41.0,180.0,-1.945,-1.217,-2.297,-0.879,-1.494,-1.245,-1.529,-0.152,-3.201,-1.19,-1.708,-0.073,,,,,,,34,5,0.013494276097461275,0.013494276097461275,0,0,True,0
3,7helix.pdb,ALA,4,-64.8,-41.0,-180.0,1.495,-1.74,-0.766,1.609,-0.644,0.286,0.38,-1.489,-1.67,1.867,-0.919,1.458,,,,,,,34,5,0.013494276097461275,0.013494276097461275,0,0,True,0
4,7helix.pdb,TYR,5,-64.8,-41.0,180.0,1.495,1.74,0.766,0.395,1.688,1.817,1.415,0.6,-0.139,0.628,1.984,2.989,0.12752562900974518,-188.4,69.8,,,0.0686377216466845,34,5,0.013494276097461275,0.013494276097461275,0,0,True,0
5,7helix.pdb,ALA,6,-64.8,-40.9,180.0,-1.945,1.217,2.297,-1.728,0.136,3.348,-0.806,1.309,1.392,-2.056,0.322,4.52,,,,,,,34,5,0.013494276097461275,0.013494276097461275,0,0,True,0
6,7helix.pdb,ALA,7,-64.8,,179.9,-0.91,-2.106,3.828,0.125,-1.729,4.879,-1.173,-0.993,2.923,1.004,-0.903,4.631,,,,,,,34,5,0.013494276097461275,0.013494276097461275,0,0,True,0
0,7helix.pdb,ALA,1,,-41.0,,2.219,0.583,-5.359,1.283,1.165,-4.307,1.505,-0.31,-6.263,1.644,1.276,-3.135,,,,,,,35,5,0.013494276097461275,0.013494276097461275,0,0,False,0
1,7helix.pdb,ALA,2,-64.8,-41.0,180.0,-0.91,2.106,-3.828,-1.345,1.094,-2.776,0.08,1.535,-4.732,-1.509,1.433,-1.604,,,,,,,35,5,0.013494276097461275,0.013494276097461275,0,0,False,0
2,7helix.pdb,ALA,3,-64.8,-41.0,180.0,-1.945,-1.217,-2.297,-0.879,-1.494,-1.245,-1.529,-0.152,-3.201,-1.19,-1.708,-0.073,,,,,,,35,5,0.013494276097461275,0.013494276097461275,0,0,False,0
3,7helix.pdb,ALA,4,-64.8,-41.0,-180.0,1.495,-1.74,-0.766,1.609,-0.644,0.286,0.38,-1.489,-1.67,1.867,-0.919,1.458,,,,,,,35,5,0.013494276097461275,0.013494276097461275,0,0,False,0
4,7helix.pdb,TYR,5,-64.8,-41.0,180.0,1.495,1.74,0.766,0.395,1.688,1.817,1.415,0.6,-0.139,0.628,1.984,2.989,0.12752562900974518,-167.8,86.0,,,0.0686377216466845,35,5,0.013494276097461275,0.013494276097461275,0,0,False,0
5,7helix.pdb,ALA,6,-64.8,-40.9,180.0,-1.945,1.217,2.297,-1.728,0.136,3.348,-0.806,1.309,1.392,-2.056,0.322,4.52,,,,,,,35,5,0.013494276097461275,0.013494276097461275,0,0,False,0
6,7helix.pdb,ALA,7,-64.8,,179.9,-0.91,-2.106,3.828,0.125,-1.729,4.879,-1.173,-0.993,2.923,1.004,-0.903,4.631,,,,,,,35,5,0.013494276097461275,0.013494276097461275,0,0,False,0
0,7helix.pdb,ALA,1,,-41.0,,2.219,0.583,-5.359,1.283,1.165,-4.307,1.505,-0.31,-6.263,1.644,1.276,-3.135,,,,,,,36,5,0.013494276097461275,0.013494276097461275,0,0,True,0
1,7helix.pdb,ALA,2,-64.8,-41.0,180.0,-0.91,2.106,-3.828,-1.345,1.094,-2.776,0.08,1.535,-4.732,-1.509,1.433,-1.604,,,,,,,36,5,0.013494276097461275,0.013494276097461275,0,0,True,0
2,7helix.pdb,ALA,3,-64.8,-41.0,180.0,-1.945,-1.217,-2.297,-0.879,-1.494,-1.245,-1.529,-0.152,-3.201,-1.19,-1.708,-0.073,,,,,,,36,5,0.013494276097461275,0.013494276097461275,0,0,True,0
3,7helix.pdb,ALA,4,-64.8,-41.0,-180.0,1.495,-1.74,-0.766,1.609,-0.644,0.286,0.38,-1.489,-1.67,1.867,-0.919,1.458,,,,,,,36,5,0.013494276097461275,0.013494276097461275,0,0,True,0
4,7helix.pdb,TYR,5,-64.8,-41.0,180.0,1.495,1.74,0.766,0.395,1.688,1.817,1.415,0.6,-0.139,0.628,1.984,2.989,0.12752562900974518,-167.8,86.0,,,0.0686377216466845,36,5,0.013494276097461275,0.013494276097461275,0,0,True,0
5,7helix.pdb,ALA,6,-64.8,-40.9,180.0,-1.945,1.217,2.297,-1.728,0.136,3.348,-0.806,1.309,1.392,-2.056,0.322,4.52,,,,,,,36,5,0.013494276097461275,0.013494276097461275,0,0,True,0
6,7helix.pdb,ALA,7,-64.8,,179.9,-0.91,-2.106,3.828,0.125,-1.729,4.879,-1.173,-0.993,2.923,1.004,-0.903,4.631,,,,,,,36,5,0.013494276097461275,0.013494276097461275,0,0,True,0
0,7helix.pdb,ALA,1,,-41.0,,2.219,0.583,-5.359,1.283,1.165,-4.307,1.505,-0.31,-6.263,1.644,1.276,-3.135,,,,,,,37,5,8.326672684688674e-17,8.326672684688674e-17,0,0,False,0
1,7helix.pdb,ALA,2,-64.8,-41.0,180.0,-0.91,2.106,-3.828,-1.345,1.094,-2.776,0.08,1.535,-4.732,-1.509,1.433,-1.604,,,,,,,37,5,8.326672684688674e-17,8.326672684688674e-17,0,0,False,0
2,7helix.pdb,ALA,3,-64.8,-41.0,180.0,-1.945,-1.217,-2.297,-0.879,-1.494,-1.245,-1.529,-0.152,-3.201,-1.19,-1.708,-0.073,,,,,,,37,5,8.326672684688674e-17,8.326672684688674e-17,0,0,False,0
3,7helix.pdb,ALA,4,-64.8,-41.0,-180.0,1.495,-1.74,-0.766,1.609,-0.644,0.286,0.38,-1.489,-1.67,1.867,-0.919,1.458,,,,,,,37,5,8.326672684688674e-17,8.326672684688674e-17,0,0,False,0
4,7helix.pdb,TYR,5,-64.8,-41.0,180.0,1.495,1.74,0.766,0.395,1.688,1.817,1.415,0.6,-0.139,0.628,1.984,2.989,0.1257931,-72.7,96.8,,,0.0686377216466845,37,5,8.326672684688674e-17,8.326672684688674e-17,0,0,False,0
5,7helix.pdb,ALA,6,-64.8,-40.9,180.0,-1.945,1.217,2.297,-1.728,0.136,3.348,-0.806,1.309,1.392,-2.056,0.322,4.52,,,,,,,37,5,8.326672684688674e-17,8.326672684688674e-17,0,0,False,0
6,7helix.pdb,ALA,7,-64.8,,179.9,-0.91,-2.106,3.828,0.125,-1.729,4.879,-1.173,-0.993,2.923,1.004,-0.903,4.631,,,,,,,37,5,8.326672684688674e-17,8.326672684688674e-17,0,0,False,0
0,7helix.pdb,ALA,1,,-41.0,,2.219,0.583,-5.359,1.283,1.165,-4.307,1.505,-0.31,-6.263,1.644,1.276,-3.135,,,,,,,38,6,1.0,1.0,0,0,False,0
1,7helix.pdb,ALA,2,-64.8,-41.0,180.0,-0.91,2.106,-3.828,-1.345,1.094,-2.776,0.08,1.535,-4.732,-1.509,1.433,-1.604,,,,,,,38,6,1.0,1.0,0,0,False,0
2,7helix.pdb,ALA,3,-64.8,-41.0,180.0,-1.945,-1.217,-2.297,-0.879,-1.494,-1.245,-1.529,-0.152,-3.201,-1.19,-1.708,-0.073,,,,,,,38,6,1.0,1.0,0,0,False,0
3,7helix.pdb,ALA,4,-64.8,-41.0,-180.0,1.495,-1.74,-0.766,1.609,-0.644,0.286,0.38,-1.489,-1.67,1.867,-0.919,1.458,,,,,,,38,6,1.0,1.0,0,0,False,0
4,7helix.pdb,ALA,5,-64.8,-41.0,180.0,1.495,1.74,0.766,0.395,1.688,1.817,1.415,0.6,-0.139,0.628,1.984,2.989,,,,,,,38,6,1.0,1.0,0,0,False,0
5,7helix.pdb,TYR,6,-64.8,-40.9,180.0,-1.945,1.217,2.297,-1.728,0.136,3.348,-0.806,1.309,1.392,-2.056,0.322,4.52,0.3466506,-178.1,77.9,,,0.0686377216466845,38,6,1.0,1.0,0,0,False,0
6,7helix.pdb,ALA,7,-64.8,,179.9,-0.91,-2.106,3.828,0.125,-1.729,4.879,-1.173,-0.993,2.923,1.004,-0.903,4.631,,,,,,,38,6,1.0,1.0,0,0,False,0
0,7helix.pdb,ALA,1,,-41.0,,2.219,0.583,-5.359,1.283,1.165,-4.307,1.505,-0.31,-6.263,1.644,1.276,-3.135,,,,,,,39,6,1.0,1.0,0,0,True,0
1,7helix.pdb,ALA,2,-64.8,-41.0,180.0,-0.91,2.106,-3.828,-1.345,1.094,-2.776,0.08,1.535,-4.732,-1.509,1.433,-1.604,,,,,,,39,6,1.0,1.0,0,0,True,0
2,7helix.pdb,ALA,3,-64.8,-41.0,180.0,-1.945,-1.217,-2.297,-0.879,-1.494,-1.245,-1.529,-0.152,-3.201,-1.19,-1.708,-0.073,,,,,,,39,6,1.0,1.0,0,0,True,0
3,7helix.pdb,ALA,4,-64.8,-41.0,-180.0,1.495,-1.74,-0.766,1.609,-0.644,0.286,0.38,-1.489,-1.67,1.867,-0.919,1.458,,,,,,,39,6,1.0,1.0,0,0,True,0
4,7helix.pdb,ALA,5,-64.8,-41.0,180.0,1.495,1.74,0.766,0.395,1.688,1.817,1.415,0.6,-0.139,0.628,1.984,2.989,,,,,,,39,6,1.0,1.0,0,0,True,0
5,7helix.pdb,TYR,6,-64.8,-40.9,180.0,-1.945,1.217,2.297,-1.728,0.136,3.348,-0.806,1.309,1.392,-2.056,0.322,4.52,0.3466506,-178.1,77.9,,,0.0686377216466845,39,6,1.0,1.0,0,0,True,0
6,7helix.pdb,ALA,7,-64.8,,179.9,-0.91,-2.106,3.828,0.125,-1.729,4.879,-1.173,-0.993,2.923,1.004,-0.903,4.631,,,,,,,39,6,1.0,1.0,0,0,True,0
0,7helix.pdb,ALA,1,,-41.0,,2.219,0.583,-5.359,1.283,1.165,-4.307,1.505,-0.31,-6.263,1.644,1.276,-3.135,,,,,,,40,6,0.08453781384740444,0.08453781384740444,0,0,False,0
1,7helix.pdb,ALA,2,-64.8,-41.0,180.0,-0.91,2.106,-3.828,-1.345,1.094,-2.776,0.08,1.535,-4.732,-1.509,1.433,-1.604,,,,,,,40,6,0.08453781384740444,0.08453781384740444,0,0,False,0
2,7helix.pdb,ALA,3,-64.8,-41.0,180.0,-1.945,-1.217,-2.297,-0.879,-1.494,-1.245,-1.529,-0.152,-3.201,-1.19,-1.708,-0.073,,,,,,,40,6,0.08453781384740444,0.08453781384740444,0,0,False,0
3,7helix.pdb,ALA,4,-64.8,-41.0,-180.0,1.495,-1.74,-0.766,1.609,-0.644,0.286,0.38,-1.489,-1.67,1.867,-0.919,1.458,,,,,,,40,6,0.08453781384740444,0.08453781384740444,0,0,False,0
4,7helix.pdb,ALA,5,-64.8,-41.0,180.0,1.495,1.74,0.766,0.395,1.688,1.817,1.415,0.6,-0.139,0.628,1.984,2.989,,,,,,,40,6,0.08453781384740444,0.08453781384740444,0,0,False,0
5,7helix.pdb,TYR,6,-64.8,-40.9,180.0,-1.945,1.217,2.297,-1.728,0.136,3.348,-0.806,1.309,1.392,-2.056,0.322,4.52,0.1370482,-72.7,123.4,,,0.0686377216466845,40,6,0.08453781384740444,0.08453781384740444,0,0,False,0
6,7helix.pdb,ALA,7,-64.8,,179.9,-0.91,-2.106,3.828,0.125,-1.729,4.879,-1.173,-0.993,2.923,1.004,-0.903,4.631,,,,,,,40,6,0.08453781384740444,0.08453781384740444,0,0,False,0
0,7helix.pdb,ALA,1,,-41.0,,2.219,0.583,-5.359,1.283,1.165,-4.307,1.505,-0.31,-6.263,1.644,1.276,-3.135,,,,,,,41,6,0.013494276097461275,0.013494276097461275,0,0,False,0
1,7helix.pdb,ALA,2,-64.8,-41.0,180.0,-0.91,2.106,-3.828,-1.345,1.094,-2.776,0.08,1.535,-4.732,-1.509,1.433,-1.604,,,,,,,41,6,0.013494276097461275,0.013494276097461275,0,0,False,0
2,7helix.pdb,ALA,3,-64.8,-41.0,180.0,-1.945,-1.217,-2.297,-0.879,-1.494,-1.245,-1.529,-0.152,-3.201,-1.19,-1.708,-0.073,,,,,,,41,6,0.013494276097461275,0.013494276097461275,0,0,False,0
3,7helix.pdb,ALA,4,-64.8,-41.0,-180.0,1.495,-1.74,-0.766,1.609,-0.644,0.286,0.38,-1.489,-1.67,1.867,-0.919,1.458,,,,,,,41,6,0.013494276097461275,0.013494276097461275,0,0,False,0
4,7helix.pdb,ALA,5,-64.8,-41.0,180.0,1.495,1.74,0.766,0.395,1.688,1.817,1.415,0.6,-0.139,0.628,1.984,2.989,,,,,,,41,6,0.013494276097461275,0.013494276097461275,0,0,False,0
5,7helix.pdb,TYR,6,-64.8,-40.9,180.0,-1.945,1.217,2.297,-1.728,0.136,3.348,-0.806,1.309,1.392,-2.056,0.322,4.52,0.12752562900974518,-188.4,69.8,,,0.0686377216466845,41,6,0.013494276097461275,0.013494276097461275,0,0,False,0
6,7helix.pdb,ALA,7,-64.8,,179.9,-0.91,-2.106,3.828,0.125,-1.729,4.879,-1.173,-0.993,2.923,1.004,-0.903,4.631,,,,,,,41,6,0.013494276097461275,0.013494276097461275,0,0,False,0
0,7helix.pdb,ALA,1,,-41.0,,2.219,0.583,-5.359,1.283,1.165,-4.307,1.505,-0.31,-6.263,1.644,1.276,-3.135,,,,,,,42,6,0.013494276097461275,0.013494276097461275,0,0,True,0
1,7helix.pdb,ALA,2,-64.8,-41.0,180.0,-0.91,2.106,-3.828,-1.345,1.094,-2.776,0.08,1.535,-4.732,-1.509,1.433,-1.604,,,,,,,42,6,0.013494276097461275,0.013494276097461275,0,0,True,0
2,7helix.pdb,ALA,3,-64.8,-41.0,180.0,-1.945,-1.217,-2.297,-0.879,-1.494,-1.245,-1.529,-0.152,-3.201,-1.19,-1.708,-0.073,,,,,,,42,6,0.013494276097461275,0.013494276097461275,0,0,True,0
3,7helix.pdb,ALA,4,-64.8,-41.0,-180.0,1.495,-1.74,-0.766,1.609,-0.644,0.286,0.38,-1.489,-1.67,1.867,-0.919,1.458,,,,,,,42,6,0.013494276097461275,0.013494276097461275,0,0,True,0
4,7helix.pdb,ALA,5,-64.8,-41.0,180.0,1.495,1.74,0.766,0.395,1.688,1.817,1.415,0.6,-0.139,0.628,1.984,2.989,,,,,,,42,6,0.013494276097461275,0.013494276097461275,0,0,True,0
5,7helix.pdb,TYR,6,-64.8,-40.9,180.0,-1.945,1.217,2.297,-1.728,0.136,3.348,-0.806,1.309,1.392,-2.056,0.322,4.52,0.12752562900974518,-188.4,69.8,,,0.0686377216466845,42,6,0.013494276097461275,0.013494276097461275,0,0,True,0
6,7helix.pdb,ALA,7,-64.8,,179.9,-0.91,-2.106,3.828,0.125,-1.729,4.879,-1.173,-0.993,2.923,1.004,-0.903,4.631,,,,,,,42,6,0.013494276097461275,0.013494276097461275,0,0,True,0
0,7helix.pdb,ALA,1,,-41.0,,2.219,0.583,-5.359,1.283,1.165,-4.307,1.505,-0.31,-6.263,1.644,1.276,-3.135,,,,,,,43,6,0.013494276097461275,0.013494276097461275,0,0,False,0
1,7helix.pdb,ALA,2,-64.8,-41.0,180.0,-0.91,2.106,-3.828,-1.345,1.094,-2.776,0.08,1.535,-4.732,-1.509,1.433,-1.604,,,,,,,43,6,0.013494276097461275,0.013494276097461275,0,0,False,0
2,7helix.pdb,ALA,3,-64.8,-41.0,180.0,-1.945,-1.217,-2.297,-0.879,-1.494,-1.245,-1.529,-0.152,-3.201,-1.19,-1.708,-0.073,,,,,,,43,6,0.013494276097461275,0.013494276097461275,0,0,False,0
3,7helix.pdb,ALA,4,-64.8,-41.0,-180.0,1.495,-1.74,-0.766,1.609,-0.644,0.286,0.38,-1.489,-1.67,1.867,-0.919,1.458,,,,,,,43,6,0.013494276097461275,0.013494276097461275,0,0,False,0
4,7helix.pdb,ALA,5,-64.8,-41.0,180.0,1.495,1.74,0.766,0.395,1.688,1.817,1.415,0.6,-0.139,0.628,1.984,2.989,,,,,,,43,6,0.013494276097461275,0.013494276097461275,0,0,False,0
5,7helix.pdb,TYR,6,-64.8,-40.9,180.0,-1.945,1.217,2.297,-1.728,0.136,3.348,-0.806,1.309,1.392,-2.056,0.322,4.52,0.12752562900974518,-167.8,86.0,,,0.0686377216466845,43,6,0.013494276097461275,0.013494276097461275,0,0,False,0
6,7helix.pdb,ALA,7,-64.8,,179.9,-0.91,-2.106,3.828,0.125,-1.729,4.879,-1.173,-0.993,2.923,1.004,-0.903,4.631,,,,,,,43,6,0.013494276097461275,0.013494276097461275,0,0,False,0
0,7helix.pdb,ALA,1,,-41.0,,2.219,0.583,-5.359,1.283,1.165,-4.307,1.505,-0.31,-6.263,1.644,1.276,-3.135,,,,,,,44,6,0.013494276097461275,0.013494276097461275,0,0,True,0
1,7helix.pdb,ALA,2,-64.8,-41.0,180.0,-0.91,2.106,-3.828,-1.345,1.094,-2.776,0.08,1.535,-4.732,-1.509,1.433,-1.604,,,,,,,44,6,0.013494276097461275,0.013494276097461275,0,0,True,0
2,7helix.pdb,ALA,3,-64.8,-41.0,180.0,-1.945,-1.217,-2.297,-0.879,-1.494,-1.245,-1.529,-0.152,-3.201,-1.19,-1.708,-0.073,,,,,,,44,6,0.013494276097461275,0.013494276097461275,0,0,True,0
3,7helix.pdb,ALA,4,-64.8,-41.0,-180.0,1.495,-1.74,-0.766,1.609,-0.644,0.286,0.38,-1.489,-1.67,1.867,-0.919,1.458,,,,,,,44,6,0.013494276097461275,0.013494276097461275,0,0,True,0
4,7helix.pdb,ALA,5,-64.8,-41.0,180.0,1.495,1.74,0.766,0.395,1.688,1.817,1.415,0.6,-0.139,0.628,1.984,2.989,,,,,,,44,6,0.013494276097461275,0.013494276097461275,0,0,True,0
5,7helix.pdb,TYR,6,-64.8,-40.9,180.0,-1.945,1.217,2.297,-1.728,0.136,3.348,-0.806,1.309,1.392,-2.056,0.322,4.52,0.12752562900974518,-167.8,86.0,,,0.0686377216466845,44,6,0.013494276097461275,0.013494276097461275,0,0,True,0
6,7helix.pdb,ALA,7,-64.8,,179.9,-0.91,-2.106,3.828,0.125,-1.729,4.879,-1.173,-0.993,2.923,1.004,-0.903,4.631,,,,,,,44,6,0.013494276097461275,0.013494276097461275,0,0,True,0
0,7helix.pdb,ALA,1,,-41.0,,2.219,0.583,-5.359,1.283,1.165,-4.307,1.505,-0.31,-6.263,1.644,1.276,-3.135,,,,,,,45,6,8.326672684688674e-17,8.326672684688674e-17,0,0,False,0
1,7helix.pdb,ALA,2,-64.8,-41.0,180.0,-0.91,2.106,-3.828,-1.345,1.094,-2.776,0.08,1.535,-4.732,-1.509,1.433,-1.604,,,,,,,45,6,8.326672684688674e-17,8.326672684688674e-17,0,0,False,0
2,7helix.pdb,ALA,3,-64.8,-41.0,180.0,-1.945,-1.217,-2.297,-0.879,-1.494,-1.245,-1.529,-0.152,-3.201,-1.19,-1.708,-0.073,,,,,,,45,6,8.326672684688674e-17,8.326672684688674e-17,0,0,False,0
3,7helix.pdb,ALA,4,-64.8,-41.0,-180.0,1.495,-1.74,-0.766,1.609,-0.644,0.286,0.38,-1.489,-1.67,1.867,-0.919,1.458,,,,,,,45,6,8.326672684688674e-17,8.326672684688674e-17,0,0,False,0
4,7helix.pdb,ALA,5,-64.8,-41.0,180.0,1.495,1.74,0.766,0.395,1.688,1.817,1.415,0.6,-0.139,0.628,1.984,2.989,,,,,,,45,6,8.326672684688674e-17,8.326672684688674e-17,0,0,False,0
5,7helix.pdb,TYR,6,-64.8,-40.9,180.0,-1.945,1.217,2.297,-1.728,0.136,3.348,-0.806,1.309,1.392,-2.056,0.322,4.52,0.1257931,-72.7,96.8,,,0.0686377216466845,45,6,8.326672684688674e-17,8.326672684688674e-17,0,0,False,0
6,7helix.pdb,ALA,7,-64.8,,179.9,-0.91,-2.106,3.828,0.125,-1.729,4.879,-1.173,-0.993,2.923,1.004,-0.903,4.631,,,,,,,45,6,8.326672684688674e-17,8.326672684688674e-17,0,0,False,0
