,AA,phi,psi,count,probability,log_prob,chi1,chi2,phi_psi_occurrence,log_occurrence,rotamer_position,log_prob_normalized,log_occurrence_normalized,rotamer_score
0,TYR,-60,-40,1769,0.3466506,-1.0594379227426909,-178.1,77.9,0.0686377216466845,-2.678913017146381,2,2.8375922327192424,0,1.0
1,TYR,-60,-40,1769,0.3466506,-1.0594379227426909,-178.1,77.9,0.0686377216466845,-2.678913017146381,4,2.8375922327192424,0,1.0
2,TYR,-60,-40,1769,0.3466506,-1.0594379227426909,-178.1,77.9,0.0686377216466845,-2.678913017146381,3,2.8375922327192424,0,1.0
3,TYR,-60,-40,1769,0.3466506,-1.0594379227426909,-178.1,77.9,0.0686377216466845,-2.678913017146381,6,2.8375922327192424,0,1.0
4,TYR,-60,-40,1769,0.3466506,-1.0594379227426909,-178.1,77.9,0.0686377216466845,-2.678913017146381,5,2.8375922327192424,0,1.0
5,TYR,-60,-40,1769,0.2102542171077802,-1.5594379227426907,-167.8,77.9,0.0686377216466845,-2.678913017146381,2,1.3086918466511335,0,0.5067471380487307
6,TYR,-60,-40,1769,0.2102542171077802,-1.5594379227426907,-178.1,86.0,0.0686377216466845,-2.678913017146381,2,1.3086918466511335,0,0.5067471380487307
7,TYR,-60,-40,1769,0.2102542171077802,-1.5594379227426907,-178.1,86.0,0.0686377216466845,-2.678913017146381,3,1.3086918466511335,0,0.5067471380487307
8,TYR,-60,-40,1769,0.2102542171077802,-1.5594379227426907,-188.4,77.9,0.0686377216466845,-2.678913017146381,3,1.3086918466511335,0,0.5067471380487307
9,TYR,-60,-40,1769,0.2102542171077802,-1.5594379227426907,-178.1,69.8,0.0686377216466845,-2.678913017146381,3,1.3086918466511335,0,0.5067471380487307
10,TYR,-60,-40,1769,0.2102542171077802,-1.5594379227426907,-167.8,77.9,0.0686377216466845,-2.678913017146381,3,1.3086918466511335,0,0.5067471380487307
11,TYR,-60,-40,1769,0.2102542171077802,-1.5594379227426907,-178.1,86.0,0.0686377216466845,-2.678913017146381,6,1.3086918466511335,0,0.5067471380487307
12,TYR,-60,-40,1769,0.2102542171077802,-1.5594379227426907,-178.1,69.8,0.0686377216466845,-2.678913017146381,6,1.3086918466511335,0,0.5067471380487307
13,TYR,-60,-40,1769,0.2102542171077802,-1.5594379227426907,-188.4,77.9,0.0686377216466845,-2.678913017146381,6,1.3086918466511335,0,0.5067471380487307
14,TYR,-60,-40,1769,0.2102542171077802,-1.5594379227426907,-178.1,86.0,0.0686377216466845,-2.678913017146381,5,1.3086918466511335,0,0.5067471380487307
15,TYR,-60,-40,1769,0.2102542171077802,-1.5594379227426907,-188.4,77.9,0.0686377216466845,-2.678913017146381,4,1.3086918466511335,0,0.5067471380487307
16,TYR,-60,-40,1769,0.2102542171077802,-1.5594379227426907,-178.1,69.8,0.0686377216466845,-2.678913017146381,5,1.3086918466511335,0,0.5067471380487307
17,TYR,-60,-40,1769,0.2102542171077802,-1.5594379227426907,-167.8,77.9,0.0686377216466845,-2.678913017146381,5,1.3086918466511335,0,0.5067471380487307
18,TYR,-60,-40,1769,0.2102542171077802,-1.5594379227426907,-188.4,77.9,0.0686377216466845,-2.678913017146381,5,1.3086918466511335,0,0.5067471380487307
19,TYR,-60,-40,1769,0.2102542171077802,-1.5594379227426907,-178.1,69.8,0.0686377216466845,-2.678913017146381,4,1.3086918466511335,0,0.5067471380487307
20,TYR,-60,-40,1769,0.2102542171077802,-1.5594379227426907,-167.8,77.9,0.0686377216466845,-2.678913017146381,4,1.3086918466511335,0,0.5067471380487307
21,TYR,-60,-40,1769,0.2102542171077802,-1.5594379227426907,-178.1,69.8,0.0686377216466845,-2.678913017146381,2,1.3086918466511335,0,0.5067471380487307
22,TYR,-60,-40,1769,0.2102542171077802,-1.5594379227426907,-188.4,77.9,0.0686377216466845,-2.678913017146381,2,1.3086918466511335,0,0.5067471380487307
23,TYR,-60,-40,1769,0.2102542171077802,-1.5594379227426907,-167.8,77.9,0.0686377216466845,-2.678913017146381,6,1.3086918466511335,0,0.5067471380487307
24,TYR,-60,-40,1769,0.2102542171077802,-1.5594379227426907,-178.1,86.0,0.0686377216466845,-2.678913017146381,4,1.3086918466511335,0,0.5067471380487307
25,TYR,-60,-40,1769,0.1370482,-1.9874225902123324,-72.7,123.4,0.0686377216466845,-2.678913017146381,2,0.0,0,0.08453781384740444
26,TYR,-60,-40,1769,0.1370482,-1.9874225902123324,-72.7,123.4,0.0686377216466845,-2.678913017146381,3,0.0,0,0.08453781384740444
27,TYR,-60,-40,1769,0.1370482,-1.9874225902123324,-72.7,123.4,0.0686377216466845,-2.678913017146381,6,0.0,0,0.08453781384740444
28,TYR,-60,-40,1769,0.1370482,-1.9874225902123324,-72.7,123.4,0.0686377216466845,-2.678913017146381,5,0.0,0,0.08453781384740444
29,TYR,-60,-40,1769,0.1370482,-1.9874225902123324,-72.7,123.4,0.0686377216466845,-2.678913017146381,4,0.0,0,0.08453781384740444
30,TYR,-60,-40,1769,0.12752562900974518,-2.0594379227426907,-188.4,69.8,0.0686377216466845,-2.678913017146381,6,-0.22020853941697618,0,0.013494276097461275
31,TYR,-60,-40,1769,0.12752562900974518,-2.0594379227426907,-188.4,86.0,0.0686377216466845,-2.678913017146381,2,-0.22020853941697618,0,0.013494276097461275
32,TYR,-60,-40,1769,0.12752562900974518,-2.0594379227426907,-167.8,69.8,0.0686377216466845,-2.678913017146381,2,-0.22020853941697618,0,0.013494276097461275
33,TYR,-60,-40,1769,0.12752562900974518,-2.0594379227426907,-188.4,86.0,0.0686377216466845,-2.678913017146381,3,-0.22020853941697618,0,0.013494276097461275
34,TYR,-60,-40,1769,0.12752562900974518,-2.0594379227426907,-167.8,86.0,0.0686377216466845,-2.678913017146381,3,-0.22020853941697618,0,0.013494276097461275
35,TYR,-60,-40,1769,0.12752562900974518,-2.0594379227426907,-167.8,69.8,0.0686377216466845,-2.678913017146381,3,-0.22020853941697618,0,0.013494276097461275
36,TYR,-60,-40,1769,0.12752562900974518,-2.0594379227426907,-167.8,86.0,0.0686377216466845,-2.678913017146381,2,-0.22020853941697618,0,0.013494276097461275
37,TYR,-60,-40,1769,0.12752562900974518,-2.0594379227426907,-188.4,69.8,0.0686377216466845,-2.678913017146381,2,-0.22020853941697618,0,0.013494276097461275
38,TYR,-60,-40,1769,0.12752562900974518,-2.0594379227426907,-188.4,69.8,0.0686377216466845,-2.678913017146381,3,-0.22020853941697618,0,0.013494276097461275
39,TYR,-60,-40,1769,0.12752562900974518,-2.0594379227426907,-167.8,86.0,0.0686377216466845,-2.678913017146381,6,-0.22020853941697618,0,0.013494276097461275
40,TYR,-60,-40,1769,0.12752562900974518,-2.0594379227426907,-188.4,69.8,0.0686377216466845,-2.678913017146381,5,-0.22020853941697618,0,0.013494276097461275
41,TYR,-60,-40,1769,0.12752562900974518,-2.0594379227426907,-188.4,69.8,0.0686377216466845,-2.678913017146381,4,-0.22020853941697618,0,0.013494276097461275
42,TYR,-60,-40,1769,0.12752562900974518,-2.0594379227426907,-188.4,86.0,0.0686377216466845,-2.678913017146381,4,-0.22020853941697618,0,0.013494276097461275
43,TYR,-60,-40,1769,0.12752562900974518,-2.0594379227426907,-167.8,69.8,0.0686377216466845,-2.678913017146381,4,-0.22020853941697618,0,0.013494276097461275
44,TYR,-60,-40,1769,0.12752562900974518,-2.0594379227426907,-167.8,86.0,0.0686377216466845,-2.678913017146381,4,-0.22020853941697618,0,0.013494276097461275
45,TYR,-60,-40,1769,0.12752562900974518,-2.0594379227426907,-167.8,86.0,0.0686377216466845,-2.678913017146381,5,-0.22020853941697618,0,0.013494276097461275
46,TYR,-60,-40,1769,0.12752562900974518,-2.0594379227426907,-167.8,69.8,0.0686377216466845,-2.678913017146381,5,-0.22020853941697618,0,0.013494276097461275
47,TYR,-60,-40,1769,0.12752562900974518,-2.0594379227426907,-188.4,86.0,0.0686377216466845,-2.678913017146381,6,-0.22020853941697618,0,0.013494276097461275
48,TYR,-60,-40,1769,0.12752562900974518,-2.0594379227426907,-167.8,69.8,0.0686377216466845,-2.678913017146381,6,-0.22020853941697618,0,0.013494276097461275
49,TYR,-60,-40,1769,0.12752562900974518,-2.0594379227426907,-188.4,86.0,0.0686377216466845,-2.678913017146381,5,-0.22020853941697618,0,0.013494276097461275
50,TYR,-60,-40,1769,0.1257931,-2.07311678518667,-72.7,96.8,0.0686377216466845,-2.678913017146381,2,-0.2620357755601216,0,8.326672684688674e-17
51,TYR,-60,-40,1769,0.1257931,-2.07311678518667,-72.7,96.8,0.0686377216466845,-2.678913017146381,3,-0.2620357755601216,0,8.326672684688674e-17
52,TYR,-60,-40,1769,0.1257931,-2.07311678518667,-72.7,96.8,0.0686377216466845,-2.678913017146381,4,-0.2620357755601216,0,8.326672684688674e-17
53,TYR,-60,-40,1769,0.1257931,-2.07311678518667,-72.7,96.8,0.0686377216466845,-2.678913017146381,5,-0.2620357755601216,0,8.326672684688674e-17
54,TYR,-60,-40,1769,0.1257931,-2.07311678518667,-72.7,96.8,0.0686377216466845,-2.678913017146381,6,-0.2620357755601216,0,8.326672684688674e-17
